{"stats":{"minecraft:broken":{"minecraft:iron_pickaxe":1},"minecraft:killed_by":{"minecraft:creeper":1,"minecraft:zombie":3,"minecraft:player":1,"undead_revamp2:therod":1,"alexsmobs:centipede_head":2},"minecraft:used":{"minecraft:shield":29,"minecraft:iron_sword":135,"minecraft:cracked_deepslate_tiles":36,"minecraft:tuff":2,"minecraft:axolotl_bucket":7,"create:zinc_ore":2,"minecraft:sweet_berries":11,"minecraft:furnace":7,"crystalcraft_unlimited_java:matizium_sword":313,"minecraft:stone_pickaxe":1,"minecraft:diamond_axe":3,"minecraft:golden_apple":1,"minecraft:black_bed":2,"minecraft:cobweb":4,"crystalcraft_unlimited_java:matizium_pickaxe":9273,"minecraft:spruce_planks":52,"minecraft:torch":11,"crystalcraft_unlimited_java:prism_pickaxe":11364,"crystalcraft_unlimited_java:palintinium_armor_helmet":1,"minecraft:cooked_beef":100,"minecraft:cobbled_deepslate":208,"minecraft:cooked_mutton":21,"minecraft:water_bucket":45,"minecraft:crafting_table":8,"minecraft:white_bed":6,"crystalcraft_unlimited_java:prism_sword":605,"minecraft:iron_pickaxe":251,"crystalcraft_unlimited_java:rainbow_axe_2":89,"minecraft:cobblestone":95,"minecraft:cooked_porkchop":8,"minecraft:bucket":61,"alexsmobs:animal_dictionary":1},"minecraft:crafted":{"crystalcraft_unlimited_java:rainbow_axe_2":1,"crystalcraft_unlimited_java:palintinium_armor_helmet":1,"crystalcraft_unlimited_java:prism_pickaxe":1,"minecraft:cooked_mutton":21,"crystalcraft_unlimited_java:prism_sword":1,"crystalcraft_unlimited_java:matizium_sword":1,"minecraft:chest":1,"sophisticatedbackpacks:backpack":1,"minecraft:cooked_porkchop":8,"crystalcraft_unlimited_java:obsidian_stick":6,"minecraft:crafting_table":6,"minecraft:spruce_planks":4,"minecraft:birch_planks":24,"minecraft:shield":1,"crystalcraft_unlimited_java:iron_stick":3,"sophisticatedbackpacks:diamond_backpack":1,"minecraft:stick":4,"usefulbackpacks:backpack_large":1,"minecraft:iron_ingot":79,"minecraft:iron_pickaxe":1,"minecraft:gold_ingot":99,"crystalcraft_unlimited_java:matizium_armor_leggings":1,"crystalcraft_unlimited_java:matizium_armor_chestplate":1,"minecraft:iron_nugget":9,"minecraft:experience_bottle":4,"minecraft:furnace":4,"crystalcraft_unlimited_java:matizium_pickaxe":1,"usefulbackpacks:backpack_medium":1,"sophisticatedbackpacks:iron_backpack":1,"minecraft:cooked_beef":105,"sophisticatedbackpacks:gold_backpack":1,"minecraft:bucket":8,"minecraft:air":0,"minecraft:raw_gold":54,"minecraft:white_bed":2,"crystalcraft_unlimited_java:obsidian_shard":18,"minecraft:torch":8,"crystalcraft_unlimited_java:matizium_armor_boots":1},"minecraft:picked_up":{"minecraft:wheat":4,"crystalcraft_unlimited_java:labradorite":1,"crystalcraft_unlimited_java:radium_armor_boots":1,"crystalcraft_unlimited_java:radium_armor_chestplate":1,"born_in_chaos_v1:black_argillite":1,"minecraft:string":54,"crystalcraft_unlimited_java:radium_armor_helmet":1,"minecraft:deepslate_tiles":8,"minecraft:cobbled_deepslate":996,"minecraft:bucket":2,"minecraft:spruce_planks":75,"spartanshields:diamond_tower_shield":1,"minecraft:deepslate_tile_wall":1,"crystalcraft_unlimited_java:radium_armor_leggings":1,"crystalcraft_unlimited_java:sonoranite":1,"minecraft:furnace":7,"crystalcraft_unlimited_java:matizium_armor_helmet":3,"crystalcraft_unlimited_java:matizium_pickaxe":1,"minecraft:polished_deepslate_stairs":1,"minecraft:torch":58,"crystalcraft_unlimited_java:matizium_armor_chestplate":1,"minecraft:porkchop":41,"alexsmobs:centipede_leg":1,"minecraft:rotten_flesh":111,"crystalcraft_unlimited_java:matizium_sword":1,"crystalcraft_unlimited_java:zircon_14":1,"crystalcraft_unlimited_java:mythril_sword":1,"minecraft:deepslate_brick_stairs":3,"minecraft:obsidian":23,"minecraft:iron_bars":3,"minecraft:cobblestone":2371,"minecraft:birch_log":12,"minecraft:feather":8,"minecraft:cooked_beef":7,"minecraft:iron_door":1,"minecraft:water_bucket":1,"minecraft:black_bed":2,"minecraft:brown_wool":1,"crystalcraft_unlimited_java:iris_agate":1,"alexsmobs:bison_fur":22,"crystalcraft_unlimited_java:spinel":1,"minecraft:tuff":13,"create:raw_zinc":1,"graveyard:dark_iron_door":4,"minecraft:lapis_lazuli":56,"crystalcraft_unlimited_java:grandidierite":1,"minecraft:bone":78,"minecraft:chipped_anvil":1,"crystalcraft_unlimited_java:raw_technetium":1,"minecraft:bow":1,"minecraft:wheat_seeds":5,"minecraft:orange_tulip":2,"minecraft:raw_gold":1,"create_new_age:magnetite_block":1,"minecraft:mossy_stone_bricks":6,"minecraft:moss_block":16,"crystalcraft_unlimited_java:chalcanthite":1,"minecraft:oak_planks":6,"minecraft:honeycomb":1,"crystalcraft_unlimited_java:stibnite":3,"crystalcraft_unlimited_java:matizium_armor_boots":1,"graveyard:bone_dagger":1,"minecraft:axolotl_bucket":1,"crystalcraft_unlimited_java:onyx":1,"crystalcraft_unlimited_java:prism":33,"crystalcraft_unlimited_java:palintinium":20,"celestial_artifacts:fang_necklace":1,"minecraft:stripped_spruce_log":1,"sophisticatedbackpacks:iron_backpack":1,"sons_of_sins:flesh_of_demise":1,"butcher:sulfur":2,"minecraft:spruce_fence_gate":2,"minecraft:diamond":67,"butcher:butchersguidebook":1,"minecraft:granite":57,"minecraft:spruce_sign":2,"minecraft:emerald":5,"minecraft:bread":4,"alexsmobs:maggot":3,"minecraft:dark_oak_fence":2,"minecraft:andesite_slab":1,"minecraft:crafting_table":5,"minecraft:chicken":10,"minecraft:clay_ball":4,"born_in_chaos_v1:seedof_chaos":1,"minecraft:gold_block":1,"gravestone:obituary":4,"minecraft:shield":1,"minecraft:moss_carpet":2,"crystalcraft_unlimited_java:tanzanite":1,"graveyard:corruption":103,"crystalcraft_unlimited_java:brickerite":1,"minecraft:beef":222,"alexsmobs:elastic_tendon":2,"minecraft:sugar_cane":18,"minecraft:egg":19,"minecraft:raw_iron":71,"regions_unexplored:day_lily":1,"crystalcraft_unlimited_java:raw_iridium":1,"crystalcraft_unlimited_java:australian_sapphire":1,"minecraft:spruce_fence":4,"sophisticatedbackpacks:backpack":1,"minecraft:stone_button":1,"minecraft:redstone":16,"born_in_chaos_v1:pieceofdarkmetal":14,"minecraft:carrot":2,"crystalcraft_unlimited_java:amethyst":2,"born_in_chaos_v1:charmof_fury":1,"minecraft:arrow":26,"crystalcraft_unlimited_java:xernium_pickaxe":1,"artifacts:cowboy_hat":1,"regions_unexplored:redstone_bulb":1,"minecraft:deepslate_bricks":7,"artifacts:snowshoes":2,"minecraft:cracked_deepslate_bricks":2,"artifacts:cross_necklace":2,"crystalcraft_unlimited_java:peacock_topaz":2,"undead_revamp2:wincallerfan":1,"minecraft:mutton":26,"minecraft:rail":2,"minecraft:white_wool":26,"minecraft:cracked_deepslate_tiles":182,"minecraft:stripped_oak_log":4,"born_in_chaos_v1:corpse_maggot":5,"minecraft:glow_ink_sac":12,"crystalcraft_unlimited_java:raw_chrome":3,"minecraft:leather":35,"doggytalents:rice_grains":4,"crystalcraft_unlimited_java:titanium":5,"minecraft:yellow_bed":1,"minecraft:gunpowder":7,"crystalcraft_unlimited_java:matizium":76,"minecraft:stone_bricks":1,"born_in_chaos_v1:smoked_flesh":4,"minecraft:iron_ingot":13,"minecraft:cobweb":4,"minecraft:polished_andesite_slab":2,"minecraft:iron_sword":1,"minecraft:book":222,"moredelight:loaded_hamburger":32,"crystalcraft_unlimited_java:matizium_armor_leggings":1,"born_in_chaos_v1:ethereal_spirit":11,"born_in_chaos_v1:dark_rod":2,"minecraft:blast_furnace":4,"minecraft:white_bed":5,"crystalcraft_unlimited_java:uranium":1,"minecraft:spider_eye":3,"crystalcraft_unlimited_java:rainbow_axe_2":2,"usefulbackpacks:backpack_large":1,"undead_revamp2:rawbostrox":8,"crystalcraft_unlimited_java:rose_quartz":5,"minecraft:slime_ball":6,"crystalcraft_unlimited_java:olivine":4,"minecraft:diamond_axe":1,"minecraft:black_wool":1,"minecraft:coal":101,"minecraft:ender_pearl":1},"minecraft:killed":{"born_in_chaos_v1:zombie_clown":1,"born_in_chaos_v1:mr_pumpkin":2,"graveyard:skeleton_creeper":1,"born_in_chaos_v1:restless_spirit":1,"born_in_chaos_v1:door_knight_not_despawn":1,"minecraft:spider":8,"undead_revamp2:thesmoker":3,"alexsmobs:murmur":1,"graveyard:wraith":48,"born_in_chaos_v1:siamese_skeletonsright":1,"undead_revamp2:theswarmer":3,"born_in_chaos_v1:baby_skeleton_minion":2,"creeperoverhaul:dripstone_creeper":1,"minecraft:skeleton":47,"graveyard:acolyte":20,"minecraft:bee":3,"minecraft:chicken":10,"born_in_chaos_v1:skeleton_thrasher":2,"undead_revamp2:therod":2,"creeperoverhaul:cave_creeper":2,"alexsmobs:centipede_head":1,"undead_revamp2:thepregnant":1,"minecraft:tropical_fish":1,"undead_revamp2:thespitter":1,"artifacts:mimic":2,"born_in_chaos_v1:bonescaller":1,"minecraft:pig":15,"minecraft:zombie_villager":6,"born_in_chaos_v1:diamond_termite":1,"minecraft:creeper":9,"minecraft:sheep":21,"undead_revamp2:theordure":1,"undead_revamp2:thebidyupside":2,"alexsmobs:flutter":1,"minecraft:zombie":69,"born_in_chaos_v1:dread_hound":2,"born_in_chaos_v1:corpse_fly":1,"alexsmobs:fly":1,"born_in_chaos_v1:door_knight":3,"graveyard:corrupted_pillager":39,"born_in_chaos_v1:siamese_skeletonsleft":1,"minecraft:cow":26,"born_in_chaos_v1:missioner":1,"undead_revamp2:thegliter":3,"graveyard:corrupted_vindicator":52,"minecraft:slime":3,"born_in_chaos_v1:zombie_bruiser":3,"born_in_chaos_v1:maggot":32,"undead_revamp2:thebidy":1,"minecraft:drowned":1,"alexsmobs:bison":11,"undead_revamp2:sucker":3,"born_in_chaos_v1:spiritof_chaos":3,"graveyard:ghoul":1,"born_in_chaos_v1:baby_skeleton":2,"undead_revamp2:the_moonflower":6,"born_in_chaos_v1:decrepit_skeleton":11,"undead_revamp2:thesomnolence":4,"born_in_chaos_v1:decaying_zombie":2,"sons_of_sins:betrayed_guzzler":1,"born_in_chaos_v1:dark_vortex":1,"born_in_chaos_v1:nightmare_stalker":1,"born_in_chaos_v1:decaying_zombie_not_despawn":1,"minecraft:enderman":1},"minecraft:dropped":{"crystalcraft_unlimited_java:amethyst":2,"sophisticatedbackpacks:iron_backpack":1,"minecraft:spruce_sign":2,"minecraft:iron_sword":1,"minecraft:moss_block":16,"minecraft:diamond_axe":1,"minecraft:glow_ink_sac":6,"minecraft:diamond":11,"minecraft:orange_tulip":1,"crystalcraft_unlimited_java:prism":10,"crystalcraft_unlimited_java:obsidian_stick":1,"crystalcraft_unlimited_java:radium_armor_leggings":1,"spartanshields:wooden_basic_shield":1,"minecraft:emerald":1,"crystalcraft_unlimited_java:mythril_sword":1,"minecraft:cracked_deepslate_tiles":47,"gravestone:obituary":11,"spartanshields:diamond_tower_shield":1,"minecraft:white_wool":9,"sons_of_sins:flesh_of_demise":1,"artifacts:cowboy_hat":1,"minecraft:bone":32,"minecraft:polished_andesite_slab":2,"minecraft:cobbled_deepslate":799,"alexsmobs:animal_dictionary":1,"minecraft:wheat":2,"minecraft:obsidian":12,"minecraft:rotten_flesh":66,"minecraft:oak_planks":6,"crystalcraft_unlimited_java:matizium_armor_helmet":2,"minecraft:white_bed":1,"minecraft:carrot":1,"minecraft:gunpowder":4,"born_in_chaos_v1:corpse_maggot":3,"crystalcraft_unlimited_java:radium_armor_helmet":1,"create:zinc_ore":1,"crystalcraft_unlimited_java:matizium_sword":1,"minecraft:egg":12,"minecraft:water_bucket":2,"minecraft:bread":2,"moredelight:loaded_hamburger":32,"crystalcraft_unlimited_java:xernium_pickaxe":1,"minecraft:wheat_seeds":2,"crystalcraft_unlimited_java:olivine":2,"minecraft:feather":8,"minecraft:cobblestone":2024,"graveyard:bone_dagger":1,"crystalcraft_unlimited_java:tanzanite":1,"minecraft:cobweb":2,"minecraft:torch":55,"minecraft:brown_wool":1,"artifacts:plastic_drinking_hat":1,"minecraft:iron_door":1,"crystalcraft_unlimited_java:radium_armor_boots":1,"minecraft:string":2,"minecraft:moss_carpet":2,"alexsmobs:maggot":2,"minecraft:tuff":4,"minecraft:raw_iron":6,"minecraft:clay_ball":4,"sophisticatedbackpacks:backpack":1,"minecraft:spruce_fence":2,"crystalcraft_unlimited_java:radium_armor_chestplate":1,"butcher:butchersguidebook":2,"minecraft:spruce_planks":56,"minecraft:mossy_stone_bricks":1,"minecraft:stone_bricks":1,"minecraft:spider_eye":3,"artifacts:cross_necklace":1,"minecraft:stone_pickaxe":1,"crystalcraft_unlimited_java:matizium_pickaxe":1,"crystalcraft_unlimited_java:matizium":30,"minecraft:black_wool":1},"minecraft:custom":{"minecraft:interact_with_crafting_table":43,"minecraft:open_barrel":38,"goblintraders:trade_with_goblin":64,"minecraft:leave_game":5,"minecraft:time_since_death":85146,"minecraft:sprint_one_cm":634732,"minecraft:damage_blocked_by_shield":895,"minecraft:drop":154,"minecraft:talked_to_villager":1,"minecraft:play_time":256050,"minecraft:deaths":11,"minecraft:jump":5223,"minecraft:interact_with_brewingstand":1,"minecraft:walk_on_water_one_cm":97114,"minecraft:interact_with_furnace":59,"minecraft:interact_with_loom":5,"minecraft:sleep_in_bed":5,"minecraft:waystone_activated":1,"minecraft:damage_dealt":103386,"minecraft:crouch_one_cm":66385,"minecraft:interact_with_smithing_table":1,"minecraft:mob_kills":515,"minecraft:damage_dealt_resisted":11546,"minecraft:climb_one_cm":13025,"minecraft:walk_one_cm":601561,"minecraft:damage_dealt_absorbed":120,"minecraft:sneak_time":20096,"minecraft:walk_under_water_one_cm":62141,"minecraft:total_world_time":256050,"spartanshields:shield_bash_hits":1,"minecraft:time_since_rest":85272,"minecraft:damage_taken":10495,"minecraft:damage_absorbed":40,"minecraft:swim_one_cm":83996,"minecraft:fly_one_cm":896966,"minecraft:open_chest":55,"minecraft:fall_one_cm":144060},"minecraft:mined":{"crystalcraft_unlimited_java:deepslate_spinel_ore":1,"crystalcraft_unlimited_java:zircon_ore":1,"create:deepslate_zinc_ore":2,"minecraft:spruce_planks":2,"graveyard:pedestal":1,"minecraft:white_bed":5,"crystalcraft_unlimited_java:rose_quartz_ore":5,"crystalcraft_unlimited_java:chrome_ore":3,"minecraft:obsidian":23,"crystalcraft_unlimited_java:australian_sapphire_ore":3,"minecraft:cave_vines_plant":3,"minecraft:granite":356,"minecraft:budding_amethyst":2,"minecraft:deepslate_tile_wall":1,"born_in_chaos_v1:dark_metal_deposit":4,"crystalcraft_unlimited_java:palintinium_ore":21,"minecraft:purple_stained_glass_pane":2,"graveyard:dark_iron_door":4,"minecraft:deepslate_bricks":7,"crystalcraft_unlimited_java:amethyst_ore":1,"minecraft:spawner":21,"crystalcraft_unlimited_java:deepslate_citrine_ore":1,"graveyard:wither_skull_with_rib_cage":1,"minecraft:magma_block":1,"crystalcraft_unlimited_java:deepslate_tanzanite_ore":1,"minecraft:iron_ore":23,"minecraft:cobbled_deepslate":2,"graveyard:leaning_wither_skeleton":1,"minecraft:deepslate_lapis_ore":1,"minecraft:cave_vines":1,"minecraft:polished_deepslate_slab":2,"crystalcraft_unlimited_java:prism_ore":7,"minecraft:iron_bars":3,"minecraft:deepslate_brick_stairs":4,"minecraft:azalea":1,"minecraft:spruce_slab":2,"crystalcraft_unlimited_java:sonoranite_ore":1,"crystalcraft_unlimited_java:matizium_ore":19,"crystalcraft_unlimited_java:deepslate_prism_ore":26,"minecraft:deepslate_redstone_ore":2,"graveyard:light_gray_urn":1,"crystalcraft_unlimited_java:peacock_topaz_ore":2,"crystalcraft_unlimited_java:deepslate_malachite_ore":2,"minecraft:polished_deepslate_stairs":1,"minecraft:amethyst_cluster":2,"crystalcraft_unlimited_java:deepslate_magnesium_ore":3,"minecraft:clay":1,"born_in_chaos_v1:infected_deepslate_diamond_ore":1,"minecraft:light_gray_terracotta":4,"minecraft:blast_furnace":2,"minecraft:calcite":28,"minecraft:cobblestone":248,"graveyard:skeleton_hand":1,"minecraft:oak_planks":1,"crystalcraft_unlimited_java:deepslate_silver_ore":3,"minecraft:sugar_cane":3,"crystalcraft_unlimited_java:labradorite_ore":2,"minecraft:iron_door":1,"crystalcraft_unlimited_java:stibnite_ore":3,"minecraft:wall_torch":2,"minecraft:amethyst_block":131,"crystalcraft_unlimited_java:deepslate_zirconium_ore":1,"crystalcraft_unlimited_java:iridium_ore":1,"crystalcraft_unlimited_java:deepslate_titanium_ore":4,"crystalcraft_unlimited_java:deepslate_sapphire_ore":1,"minecraft:birch_log":6,"crystalcraft_unlimited_java:deepslate_black_opal_ore":3,"butcher:sulfurore":1,"minecraft:black_bed":2,"minecraft:grass":17,"minecraft:cracked_deepslate_tiles":139,"crystalcraft_unlimited_java:deepslate_aquamarine_ore":1,"crystalcraft_unlimited_java:brickerite_ore":1,"minecraft:smooth_basalt":224,"crystalcraft_unlimited_java:iris_agate_ore":1,"crystalcraft_unlimited_java:deepslate_technetium_ore":1,"minecraft:oak_leaves":6,"minecraft:deepslate":5464,"regions_unexplored:fireweed":1,"minecraft:deepslate_tiles":395,"minecraft:tuff":143,"crystalcraft_unlimited_java:deepslate_ametyst_ore":2,"minecraft:potted_wither_rose":1,"crystalcraft_unlimited_java:deepslate_grand_ore":2,"minecraft:deepslate_diamond_ore":54,"minecraft:ladder":2,"gravestone:gravestone":9,"minecraft:dark_oak_fence":2,"minecraft:spruce_fence":1,"crystalcraft_unlimited_java:deepslate_sugillite_ore":1,"born_in_chaos_v1:black_argillite":111,"graveyard:tg_deepslate":6,"crystalcraft_unlimited_java:watermelon_tourmaline_ore":4,"crystalcraft_unlimited_java:chalcanthite_ore":3,"minecraft:polished_andesite_slab":2,"crystalcraft_unlimited_java:tin_ore":2,"minecraft:spruce_leaves":8,"minecraft:moss_block":5,"crystalcraft_unlimited_java:titanium_ore":1,"minecraft:deepslate_brick_slab":1,"minecraft:furnace":5,"crystalcraft_unlimited_java:deepslate_platinum_ore":2,"minecraft:chiseled_deepslate":1,"minecraft:andesite":363,"minecraft:stripped_spruce_log":1,"minecraft:gold_block":1,"minecraft:bookshelf":58,"minecraft:deepslate_iron_ore":15,"minecraft:vine":1,"crystalcraft_unlimited_java:deepslate_tourmaline_ore":3,"minecraft:stripped_oak_log":4,"regions_unexplored:ash_vent":1,"regions_unexplored:medium_grass":4,"minecraft:stone":12686,"regions_unexplored:day_lily":1,"regions_unexplored:redstone_bulb":1,"minecraft:basalt":1,"create_new_age:magnetite_block":3,"minecraft:crafting_table":3,"crystalcraft_unlimited_java:deepslate_uranium_ore":1,"undead_revamp2:bostrokestone":2,"crystalcraft_unlimited_java:olivine_ore":2,"crystalcraft_unlimited_java:sugillite_ore":2,"crystalcraft_unlimited_java:onyx_ore":1,"minecraft:andesite_slab":1,"minecraft:tall_grass":8,"minecraft:lapis_ore":8,"minecraft:cracked_deepslate_bricks":2,"crystalcraft_unlimited_java:deepslate_sardonyx_ore":1,"minecraft:diorite":108,"crystalcraft_unlimited_java:azurite_ore":2,"crystalcraft_unlimited_java:lithium_ore":1,"crystalcraft_unlimited_java:deepslate_ammolite_ore":4,"graveyard:skull_with_rib_cage":1,"crystalcraft_unlimited_java:deepslate_matizium_ore":57,"minecraft:birch_leaves":2,"minecraft:yellow_bed":1,"minecraft:coal_ore":40,"minecraft:cobweb":38,"minecraft:cracked_stone_bricks":1,"crystalcraft_unlimited_java:deepslate_chrysolite_ore":1,"minecraft:spruce_fence_gate":1,"minecraft:stone_bricks":2,"minecraft:small_dripleaf":1,"crystalcraft_unlimited_java:yttrium_ore":1,"minecraft:mossy_stone_bricks":4,"minecraft:chipped_anvil":1}},"DataVersion":3465}