{"stats":{"minecraft:custom":{"minecraft:interact_with_crafting_table":41,"minecraft:open_barrel":6,"minecraft:leave_game":3,"minecraft:time_since_death":16789,"minecraft:sprint_one_cm":294730,"minecraft:damage_blocked_by_shield":660,"minecraft:drop":102,"minecraft:talked_to_villager":1,"minecraft:play_time":140748,"minecraft:deaths":10,"minecraft:jump":2627,"minecraft:walk_on_water_one_cm":66463,"minecraft:interact_with_furnace":42,"minecraft:sleep_in_bed":4,"minecraft:waystone_activated":1,"minecraft:damage_dealt":36175,"minecraft:crouch_one_cm":36116,"minecraft:mob_kills":217,"minecraft:damage_dealt_resisted":4043,"minecraft:walk_one_cm":282071,"minecraft:damage_dealt_absorbed":120,"minecraft:sneak_time":11548,"minecraft:walk_under_water_one_cm":55542,"minecraft:total_world_time":140748,"spartanshields:shield_bash_hits":1,"minecraft:time_since_rest":16844,"minecraft:damage_taken":5987,"minecraft:swim_one_cm":76940,"minecraft:fly_one_cm":456565,"minecraft:open_chest":40,"minecraft:fall_one_cm":80437},"minecraft:killed_by":{"minecraft:creeper":1,"minecraft:zombie":3,"minecraft:player":1,"undead_revamp2:therod":1,"alexsmobs:centipede_head":2},"minecraft:used":{"minecraft:shield":22,"minecraft:iron_sword":135,"minecraft:tuff":2,"minecraft:sweet_berries":11,"minecraft:furnace":5,"crystalcraft_unlimited_java:matizium_sword":313,"minecraft:stone_pickaxe":1,"minecraft:diamond_axe":3,"minecraft:cobweb":4,"crystalcraft_unlimited_java:matizium_pickaxe":9273,"minecraft:spruce_planks":5,"minecraft:torch":11,"crystalcraft_unlimited_java:prism_pickaxe":5406,"crystalcraft_unlimited_java:palintinium_armor_helmet":1,"minecraft:cooked_beef":37,"minecraft:cobbled_deepslate":23,"minecraft:cooked_mutton":21,"minecraft:water_bucket":20,"minecraft:crafting_table":7,"minecraft:white_bed":6,"crystalcraft_unlimited_java:prism_sword":15,"minecraft:iron_pickaxe":251,"crystalcraft_unlimited_java:rainbow_axe_2":73,"minecraft:cobblestone":93,"minecraft:cooked_porkchop":8,"minecraft:bucket":22,"alexsmobs:animal_dictionary":1},"minecraft:crafted":{"crystalcraft_unlimited_java:rainbow_axe_2":1,"crystalcraft_unlimited_java:palintinium_armor_helmet":1,"crystalcraft_unlimited_java:prism_pickaxe":1,"minecraft:cooked_mutton":21,"crystalcraft_unlimited_java:prism_sword":1,"crystalcraft_unlimited_java:matizium_sword":1,"minecraft:chest":1,"sophisticatedbackpacks:backpack":1,"minecraft:cooked_porkchop":8,"crystalcraft_unlimited_java:obsidian_stick":6,"minecraft:crafting_table":5,"minecraft:spruce_planks":4,"minecraft:birch_planks":24,"minecraft:shield":1,"crystalcraft_unlimited_java:iron_stick":3,"sophisticatedbackpacks:diamond_backpack":1,"minecraft:stick":4,"usefulbackpacks:backpack_large":1,"minecraft:iron_ingot":19,"minecraft:iron_pickaxe":1,"minecraft:gold_ingot":9,"crystalcraft_unlimited_java:matizium_armor_chestplate":1,"crystalcraft_unlimited_java:matizium_armor_leggings":1,"minecraft:iron_nugget":9,"minecraft:furnace":4,"crystalcraft_unlimited_java:matizium_pickaxe":1,"usefulbackpacks:backpack_medium":1,"sophisticatedbackpacks:iron_backpack":1,"minecraft:cooked_beef":85,"sophisticatedbackpacks:gold_backpack":1,"minecraft:bucket":1,"minecraft:air":0,"minecraft:white_bed":2,"crystalcraft_unlimited_java:obsidian_shard":18,"minecraft:torch":8,"crystalcraft_unlimited_java:matizium_armor_boots":1},"minecraft:mined":{"crystalcraft_unlimited_java:deepslate_spinel_ore":1,"crystalcraft_unlimited_java:zircon_ore":1,"minecraft:white_bed":5,"crystalcraft_unlimited_java:rose_quartz_ore":5,"crystalcraft_unlimited_java:chrome_ore":3,"minecraft:obsidian":4,"minecraft:granite":356,"minecraft:budding_amethyst":2,"born_in_chaos_v1:dark_metal_deposit":4,"crystalcraft_unlimited_java:palintinium_ore":5,"crystalcraft_unlimited_java:amethyst_ore":1,"minecraft:spawner":3,"crystalcraft_unlimited_java:deepslate_citrine_ore":1,"minecraft:magma_block":1,"crystalcraft_unlimited_java:deepslate_tanzanite_ore":1,"minecraft:iron_ore":23,"minecraft:deepslate_lapis_ore":1,"crystalcraft_unlimited_java:prism_ore":7,"crystalcraft_unlimited_java:sonoranite_ore":1,"crystalcraft_unlimited_java:matizium_ore":19,"crystalcraft_unlimited_java:deepslate_prism_ore":1,"minecraft:deepslate_redstone_ore":2,"crystalcraft_unlimited_java:peacock_topaz_ore":2,"minecraft:amethyst_cluster":1,"crystalcraft_unlimited_java:deepslate_magnesium_ore":1,"minecraft:light_gray_terracotta":4,"minecraft:blast_furnace":2,"minecraft:calcite":28,"minecraft:cobblestone":6,"crystalcraft_unlimited_java:deepslate_silver_ore":1,"minecraft:sugar_cane":3,"crystalcraft_unlimited_java:labradorite_ore":2,"crystalcraft_unlimited_java:stibnite_ore":3,"minecraft:wall_torch":2,"minecraft:amethyst_block":109,"crystalcraft_unlimited_java:deepslate_zirconium_ore":1,"crystalcraft_unlimited_java:iridium_ore":1,"crystalcraft_unlimited_java:deepslate_titanium_ore":3,"crystalcraft_unlimited_java:deepslate_sapphire_ore":1,"minecraft:birch_log":6,"butcher:sulfurore":1,"minecraft:grass":8,"crystalcraft_unlimited_java:brickerite_ore":1,"minecraft:smooth_basalt":224,"crystalcraft_unlimited_java:iris_agate_ore":1,"crystalcraft_unlimited_java:deepslate_technetium_ore":1,"minecraft:oak_leaves":6,"minecraft:deepslate":720,"regions_unexplored:fireweed":1,"minecraft:tuff":5,"minecraft:deepslate_diamond_ore":4,"crystalcraft_unlimited_java:deepslate_grand_ore":1,"gravestone:gravestone":8,"minecraft:spruce_fence":1,"born_in_chaos_v1:black_argillite":111,"crystalcraft_unlimited_java:watermelon_tourmaline_ore":4,"crystalcraft_unlimited_java:chalcanthite_ore":1,"minecraft:polished_andesite_slab":2,"crystalcraft_unlimited_java:tin_ore":2,"minecraft:spruce_leaves":8,"crystalcraft_unlimited_java:titanium_ore":1,"minecraft:furnace":3,"minecraft:andesite":363,"minecraft:stripped_spruce_log":1,"minecraft:chiseled_deepslate":1,"minecraft:gold_block":1,"minecraft:bookshelf":58,"minecraft:deepslate_iron_ore":9,"regions_unexplored:medium_grass":4,"minecraft:stone":12685,"regions_unexplored:day_lily":1,"regions_unexplored:redstone_bulb":1,"create_new_age:magnetite_block":3,"minecraft:crafting_table":3,"crystalcraft_unlimited_java:sugillite_ore":2,"crystalcraft_unlimited_java:onyx_ore":1,"minecraft:andesite_slab":1,"minecraft:tall_grass":2,"minecraft:lapis_ore":8,"minecraft:diorite":108,"crystalcraft_unlimited_java:azurite_ore":2,"crystalcraft_unlimited_java:lithium_ore":1,"crystalcraft_unlimited_java:deepslate_matizium_ore":12,"minecraft:birch_leaves":2,"minecraft:coal_ore":39,"minecraft:cobweb":6,"crystalcraft_unlimited_java:deepslate_chrysolite_ore":1,"minecraft:spruce_fence_gate":1,"minecraft:mossy_stone_bricks":2,"minecraft:chipped_anvil":1},"minecraft:killed":{"born_in_chaos_v1:mr_pumpkin":2,"born_in_chaos_v1:restless_spirit":1,"born_in_chaos_v1:door_knight_not_despawn":1,"minecraft:spider":4,"undead_revamp2:thesmoker":2,"alexsmobs:murmur":1,"born_in_chaos_v1:siamese_skeletonsright":1,"born_in_chaos_v1:baby_skeleton_minion":2,"undead_revamp2:theswarmer":2,"minecraft:skeleton":19,"minecraft:bee":2,"minecraft:chicken":10,"creeperoverhaul:cave_creeper":1,"undead_revamp2:thepregnant":1,"artifacts:mimic":1,"born_in_chaos_v1:bonescaller":1,"minecraft:pig":15,"minecraft:zombie_villager":3,"minecraft:creeper":2,"minecraft:sheep":21,"undead_revamp2:thebidyupside":2,"minecraft:zombie":39,"born_in_chaos_v1:dread_hound":1,"alexsmobs:fly":1,"born_in_chaos_v1:door_knight":1,"born_in_chaos_v1:siamese_skeletonsleft":1,"minecraft:cow":26,"undead_revamp2:thegliter":1,"born_in_chaos_v1:maggot":17,"undead_revamp2:thebidy":1,"minecraft:drowned":1,"alexsmobs:bison":11,"undead_revamp2:sucker":2,"born_in_chaos_v1:spiritof_chaos":2,"graveyard:ghoul":1,"undead_revamp2:the_moonflower":4,"born_in_chaos_v1:decrepit_skeleton":5,"undead_revamp2:thesomnolence":2,"born_in_chaos_v1:decaying_zombie":1,"born_in_chaos_v1:dark_vortex":1,"born_in_chaos_v1:decaying_zombie_not_despawn":1},"minecraft:broken":{"minecraft:iron_pickaxe":1},"minecraft:dropped":{"minecraft:iron_sword":1,"minecraft:diamond_axe":1,"minecraft:glow_ink_sac":6,"minecraft:diamond":11,"minecraft:orange_tulip":1,"crystalcraft_unlimited_java:obsidian_stick":1,"crystalcraft_unlimited_java:radium_armor_leggings":1,"spartanshields:wooden_basic_shield":1,"crystalcraft_unlimited_java:mythril_sword":1,"gravestone:obituary":10,"spartanshields:diamond_tower_shield":1,"minecraft:white_wool":9,"minecraft:bone":10,"minecraft:polished_andesite_slab":2,"alexsmobs:animal_dictionary":1,"minecraft:cobbled_deepslate":302,"minecraft:wheat":2,"minecraft:rotten_flesh":43,"minecraft:oak_planks":6,"crystalcraft_unlimited_java:matizium_armor_helmet":2,"minecraft:white_bed":1,"minecraft:gunpowder":4,"born_in_chaos_v1:corpse_maggot":1,"crystalcraft_unlimited_java:radium_armor_helmet":1,"crystalcraft_unlimited_java:matizium_sword":1,"minecraft:egg":12,"minecraft:water_bucket":1,"minecraft:bread":2,"moredelight:loaded_hamburger":32,"crystalcraft_unlimited_java:xernium_pickaxe":1,"minecraft:wheat_seeds":2,"minecraft:feather":8,"minecraft:cobblestone":1234,"crystalcraft_unlimited_java:tanzanite":1,"minecraft:torch":55,"minecraft:brown_wool":1,"crystalcraft_unlimited_java:radium_armor_boots":1,"minecraft:string":2,"alexsmobs:maggot":2,"minecraft:tuff":4,"sophisticatedbackpacks:backpack":1,"crystalcraft_unlimited_java:radium_armor_chestplate":1,"minecraft:spruce_fence":2,"butcher:butchersguidebook":2,"minecraft:spruce_planks":56,"minecraft:spider_eye":3,"minecraft:stone_pickaxe":1,"crystalcraft_unlimited_java:matizium_pickaxe":1,"minecraft:black_wool":1},"minecraft:picked_up":{"minecraft:wheat":4,"crystalcraft_unlimited_java:labradorite":1,"crystalcraft_unlimited_java:radium_armor_boots":1,"crystalcraft_unlimited_java:radium_armor_chestplate":1,"born_in_chaos_v1:black_argillite":1,"minecraft:string":17,"crystalcraft_unlimited_java:radium_armor_helmet":1,"minecraft:cobbled_deepslate":295,"minecraft:bucket":2,"minecraft:spruce_planks":75,"spartanshields:diamond_tower_shield":1,"crystalcraft_unlimited_java:radium_armor_leggings":1,"crystalcraft_unlimited_java:sonoranite":1,"minecraft:furnace":5,"crystalcraft_unlimited_java:matizium_armor_helmet":3,"crystalcraft_unlimited_java:matizium_pickaxe":1,"minecraft:torch":58,"crystalcraft_unlimited_java:matizium_armor_chestplate":1,"minecraft:porkchop":41,"minecraft:rotten_flesh":71,"crystalcraft_unlimited_java:matizium_sword":1,"crystalcraft_unlimited_java:zircon_14":1,"crystalcraft_unlimited_java:mythril_sword":1,"minecraft:obsidian":4,"minecraft:cobblestone":2091,"minecraft:birch_log":12,"minecraft:feather":8,"minecraft:cooked_beef":7,"minecraft:water_bucket":1,"minecraft:brown_wool":1,"crystalcraft_unlimited_java:iris_agate":1,"alexsmobs:bison_fur":22,"crystalcraft_unlimited_java:spinel":1,"minecraft:tuff":9,"minecraft:lapis_lazuli":56,"crystalcraft_unlimited_java:grandidierite":1,"minecraft:bone":41,"minecraft:chipped_anvil":1,"crystalcraft_unlimited_java:raw_technetium":1,"minecraft:orange_tulip":2,"minecraft:wheat_seeds":2,"create_new_age:magnetite_block":1,"minecraft:mossy_stone_bricks":4,"crystalcraft_unlimited_java:chalcanthite":1,"minecraft:oak_planks":6,"minecraft:honeycomb":1,"crystalcraft_unlimited_java:stibnite":3,"crystalcraft_unlimited_java:matizium_armor_boots":1,"crystalcraft_unlimited_java:onyx":1,"crystalcraft_unlimited_java:prism":8,"crystalcraft_unlimited_java:palintinium":5,"minecraft:stripped_spruce_log":1,"butcher:sulfur":2,"minecraft:spruce_fence_gate":2,"minecraft:diamond":19,"butcher:butchersguidebook":1,"minecraft:granite":57,"minecraft:bread":4,"minecraft:emerald":3,"alexsmobs:maggot":3,"minecraft:andesite_slab":1,"minecraft:crafting_table":5,"minecraft:chicken":10,"born_in_chaos_v1:seedof_chaos":1,"minecraft:gold_block":1,"gravestone:obituary":4,"minecraft:shield":1,"crystalcraft_unlimited_java:tanzanite":1,"graveyard:corruption":1,"crystalcraft_unlimited_java:brickerite":1,"minecraft:beef":222,"alexsmobs:elastic_tendon":2,"minecraft:sugar_cane":18,"minecraft:egg":19,"minecraft:raw_iron":29,"regions_unexplored:day_lily":1,"crystalcraft_unlimited_java:raw_iridium":1,"minecraft:spruce_fence":4,"sophisticatedbackpacks:backpack":1,"minecraft:redstone":16,"crystalcraft_unlimited_java:xernium_pickaxe":1,"minecraft:arrow":15,"artifacts:cowboy_hat":1,"regions_unexplored:redstone_bulb":1,"artifacts:snowshoes":1,"crystalcraft_unlimited_java:peacock_topaz":2,"undead_revamp2:wincallerfan":1,"minecraft:mutton":26,"minecraft:white_wool":26,"born_in_chaos_v1:corpse_maggot":3,"crystalcraft_unlimited_java:raw_chrome":3,"minecraft:glow_ink_sac":12,"minecraft:leather":35,"doggytalents:rice_grains":1,"crystalcraft_unlimited_java:titanium":4,"minecraft:gunpowder":4,"crystalcraft_unlimited_java:matizium":31,"born_in_chaos_v1:smoked_flesh":4,"minecraft:iron_ingot":11,"minecraft:cobweb":4,"minecraft:polished_andesite_slab":2,"minecraft:iron_sword":1,"minecraft:book":222,"moredelight:loaded_hamburger":32,"crystalcraft_unlimited_java:matizium_armor_leggings":1,"born_in_chaos_v1:ethereal_spirit":7,"born_in_chaos_v1:dark_rod":2,"minecraft:blast_furnace":4,"minecraft:white_bed":5,"crystalcraft_unlimited_java:rainbow_axe_2":1,"minecraft:spider_eye":3,"usefulbackpacks:backpack_large":1,"crystalcraft_unlimited_java:rose_quartz":5,"minecraft:slime_ball":6,"minecraft:diamond_axe":1,"minecraft:black_wool":1,"minecraft:coal":76}},"DataVersion":3465}