{"stats":{"minecraft:custom":{"minecraft:mob_kills":121,"minecraft:interact_with_crafting_table":20,"minecraft:damage_dealt_resisted":1658,"minecraft:leave_game":2,"minecraft:time_since_death":30090,"minecraft:sprint_one_cm":140571,"minecraft:walk_one_cm":164976,"minecraft:damage_blocked_by_shield":660,"minecraft:drop":57,"minecraft:play_time":82124,"minecraft:deaths":7,"minecraft:sneak_time":7678,"minecraft:walk_under_water_one_cm":47733,"minecraft:jump":1363,"minecraft:walk_on_water_one_cm":53082,"minecraft:total_world_time":82124,"minecraft:interact_with_furnace":15,"spartanshields:shield_bash_hits":1,"minecraft:sleep_in_bed":2,"minecraft:time_since_rest":30107,"minecraft:damage_taken":3797,"minecraft:damage_dealt":17646,"minecraft:swim_one_cm":46421,"minecraft:fly_one_cm":150553,"minecraft:open_chest":12,"minecraft:crouch_one_cm":22339,"minecraft:fall_one_cm":34800},"minecraft:killed_by":{"minecraft:creeper":1,"undead_revamp2:therod":1,"alexsmobs:centipede_head":2,"minecraft:zombie":2},"minecraft:used":{"crystalcraft_unlimited_java:matizium_pickaxe":6366,"minecraft:shield":22,"minecraft:iron_sword":133,"minecraft:torch":11,"minecraft:tuff":2,"minecraft:sweet_berries":11,"minecraft:furnace":2,"crystalcraft_unlimited_java:palintinium_armor_helmet":1,"minecraft:cooked_beef":14,"minecraft:cooked_mutton":21,"minecraft:water_bucket":10,"crystalcraft_unlimited_java:matizium_sword":132,"minecraft:stone_pickaxe":1,"minecraft:crafting_table":5,"minecraft:white_bed":1,"minecraft:iron_pickaxe":251,"minecraft:cobblestone":73,"minecraft:bucket":11,"alexsmobs:animal_dictionary":1},"minecraft:crafted":{"crystalcraft_unlimited_java:matizium_armor_leggings":1,"crystalcraft_unlimited_java:matizium_armor_chestplate":1,"minecraft:iron_nugget":9,"crystalcraft_unlimited_java:palintinium_armor_helmet":1,"minecraft:furnace":2,"minecraft:cooked_mutton":21,"crystalcraft_unlimited_java:matizium_pickaxe":1,"crystalcraft_unlimited_java:matizium_sword":1,"minecraft:cooked_beef":8,"minecraft:cooked_porkchop":8,"crystalcraft_unlimited_java:obsidian_stick":3,"minecraft:crafting_table":4,"minecraft:bucket":1,"minecraft:air":0,"minecraft:shield":1,"minecraft:stick":4,"crystalcraft_unlimited_java:iron_stick":3,"minecraft:iron_ingot":19,"minecraft:iron_pickaxe":1,"minecraft:white_bed":1,"crystalcraft_unlimited_java:obsidian_shard":9,"minecraft:torch":8,"crystalcraft_unlimited_java:matizium_armor_boots":1},"minecraft:mined":{"crystalcraft_unlimited_java:zircon_ore":1,"crystalcraft_unlimited_java:deepslate_spinel_ore":1,"minecraft:tuff":5,"crystalcraft_unlimited_java:deepslate_grand_ore":1,"minecraft:deepslate_diamond_ore":4,"crystalcraft_unlimited_java:rose_quartz_ore":5,"crystalcraft_unlimited_java:chrome_ore":2,"gravestone:gravestone":6,"minecraft:granite":342,"born_in_chaos_v1:black_argillite":1,"crystalcraft_unlimited_java:palintinium_ore":5,"crystalcraft_unlimited_java:chalcanthite_ore":1,"crystalcraft_unlimited_java:titanium_ore":1,"crystalcraft_unlimited_java:deepslate_citrine_ore":1,"crystalcraft_unlimited_java:deepslate_tanzanite_ore":1,"minecraft:iron_ore":16,"minecraft:andesite":348,"minecraft:deepslate_lapis_ore":1,"minecraft:gold_block":1,"minecraft:deepslate_iron_ore":7,"crystalcraft_unlimited_java:prism_ore":7,"minecraft:stone":5091,"crystalcraft_unlimited_java:sonoranite_ore":1,"crystalcraft_unlimited_java:matizium_ore":15,"crystalcraft_unlimited_java:deepslate_prism_ore":1,"minecraft:deepslate_redstone_ore":2,"crystalcraft_unlimited_java:peacock_topaz_ore":2,"create_new_age:magnetite_block":1,"crystalcraft_unlimited_java:deepslate_magnesium_ore":1,"minecraft:crafting_table":1,"crystalcraft_unlimited_java:sugillite_ore":1,"crystalcraft_unlimited_java:onyx_ore":1,"minecraft:cobblestone":5,"minecraft:lapis_ore":8,"crystalcraft_unlimited_java:deepslate_silver_ore":1,"minecraft:diorite":97,"crystalcraft_unlimited_java:labradorite_ore":2,"crystalcraft_unlimited_java:azurite_ore":2,"crystalcraft_unlimited_java:lithium_ore":1,"crystalcraft_unlimited_java:stibnite_ore":3,"minecraft:wall_torch":2,"crystalcraft_unlimited_java:deepslate_zirconium_ore":1,"crystalcraft_unlimited_java:iridium_ore":1,"crystalcraft_unlimited_java:deepslate_titanium_ore":3,"crystalcraft_unlimited_java:deepslate_sapphire_ore":1,"crystalcraft_unlimited_java:deepslate_matizium_ore":9,"butcher:sulfurore":1,"minecraft:grass":2,"minecraft:coal_ore":29,"crystalcraft_unlimited_java:brickerite_ore":1,"crystalcraft_unlimited_java:deepslate_chrysolite_ore":1,"crystalcraft_unlimited_java:iris_agate_ore":1,"crystalcraft_unlimited_java:deepslate_technetium_ore":1,"minecraft:oak_leaves":6,"minecraft:deepslate":582},"minecraft:killed":{"born_in_chaos_v1:mr_pumpkin":2,"undead_revamp2:thegliter":1,"minecraft:spider":2,"alexsmobs:murmur":1,"born_in_chaos_v1:baby_skeleton_minion":2,"born_in_chaos_v1:maggot":14,"minecraft:skeleton":18,"minecraft:chicken":10,"undead_revamp2:thebidy":1,"undead_revamp2:thepregnant":1,"undead_revamp2:sucker":2,"born_in_chaos_v1:spiritof_chaos":1,"born_in_chaos_v1:bonescaller":1,"minecraft:pig":4,"graveyard:ghoul":1,"minecraft:zombie_villager":3,"undead_revamp2:the_moonflower":1,"minecraft:creeper":2,"born_in_chaos_v1:decrepit_skeleton":2,"minecraft:sheep":14,"undead_revamp2:thebidyupside":2,"undead_revamp2:thesomnolence":2,"born_in_chaos_v1:decaying_zombie":1,"minecraft:zombie":26,"born_in_chaos_v1:dread_hound":1,"born_in_chaos_v1:door_knight":1,"minecraft:cow":3},"minecraft:broken":{"minecraft:iron_pickaxe":1},"minecraft:dropped":{"minecraft:wheat_seeds":2,"minecraft:glow_ink_sac":6,"minecraft:feather":8,"minecraft:cobblestone":678,"crystalcraft_unlimited_java:tanzanite":1,"spartanshields:wooden_basic_shield":1,"minecraft:brown_wool":1,"gravestone:obituary":6,"minecraft:string":1,"minecraft:white_wool":9,"minecraft:bone":8,"alexsmobs:animal_dictionary":1,"minecraft:cobbled_deepslate":302,"minecraft:tuff":4,"minecraft:rotten_flesh":41,"butcher:butchersguidebook":2,"minecraft:gunpowder":4,"minecraft:spruce_planks":56,"born_in_chaos_v1:corpse_maggot":1,"minecraft:spider_eye":3,"minecraft:stone_pickaxe":1,"minecraft:black_wool":1,"minecraft:egg":12},"minecraft:picked_up":{"minecraft:crafting_table":1,"minecraft:chicken":10,"born_in_chaos_v1:seedof_chaos":1,"minecraft:gold_block":1,"crystalcraft_unlimited_java:labradorite":1,"gravestone:obituary":2,"born_in_chaos_v1:black_argillite":1,"minecraft:string":4,"crystalcraft_unlimited_java:tanzanite":1,"graveyard:corruption":1,"minecraft:cobbled_deepslate":270,"crystalcraft_unlimited_java:brickerite":1,"minecraft:spruce_planks":74,"minecraft:beef":8,"alexsmobs:elastic_tendon":2,"crystalcraft_unlimited_java:sonoranite":1,"minecraft:egg":18,"minecraft:raw_iron":23,"crystalcraft_unlimited_java:raw_iridium":1,"minecraft:torch":3,"minecraft:porkchop":8,"minecraft:redstone":10,"minecraft:rotten_flesh":43,"minecraft:arrow":15,"crystalcraft_unlimited_java:zircon_14":1,"crystalcraft_unlimited_java:peacock_topaz":2,"minecraft:mutton":21,"minecraft:white_wool":21,"minecraft:cobblestone":1006,"born_in_chaos_v1:corpse_maggot":2,"minecraft:feather":8,"minecraft:glow_ink_sac":12,"crystalcraft_unlimited_java:raw_chrome":2,"minecraft:leather":2,"minecraft:brown_wool":1,"crystalcraft_unlimited_java:iris_agate":1,"crystalcraft_unlimited_java:spinel":1,"doggytalents:rice_grains":1,"crystalcraft_unlimited_java:titanium":4,"minecraft:tuff":9,"minecraft:gunpowder":4,"crystalcraft_unlimited_java:matizium":24,"minecraft:lapis_lazuli":56,"crystalcraft_unlimited_java:grandidierite":1,"minecraft:bone":29,"crystalcraft_unlimited_java:raw_technetium":1,"minecraft:wheat_seeds":2,"create_new_age:magnetite_block":1,"minecraft:iron_ingot":2,"crystalcraft_unlimited_java:chalcanthite":1,"crystalcraft_unlimited_java:stibnite":3,"born_in_chaos_v1:ethereal_spirit":1,"crystalcraft_unlimited_java:onyx":1,"crystalcraft_unlimited_java:palintinium":5,"crystalcraft_unlimited_java:prism":8,"minecraft:spider_eye":3,"crystalcraft_unlimited_java:rose_quartz":5,"butcher:sulfur":2,"minecraft:slime_ball":6,"minecraft:diamond":4,"butcher:butchersguidebook":1,"minecraft:granite":57,"minecraft:coal":37,"minecraft:black_wool":1}},"DataVersion":3465}