{"stats":{"minecraft:custom":{"minecraft:interact_with_crafting_table":66,"minecraft:open_barrel":148,"goblintraders:trade_with_goblin":64,"minecraft:leave_game":18,"minecraft:time_since_death":240887,"minecraft:damage_blocked_by_shield":1395,"minecraft:play_time":918510,"minecraft:deaths":25,"minecraft:jump":21397,"minecraft:enchant_item":175,"minecraft:interact_with_furnace":92,"minecraft:traded_with_villager":60,"minecraft:sleep_in_bed":22,"minecraft:waystone_activated":11,"minecraft:damage_dealt":281219,"minecraft:interact_with_smithing_table":5,"minecraft:interact_with_anvil":18,"minecraft:damage_dealt_absorbed":120,"minecraft:sneak_time":68681,"minecraft:interact_with_lectern":1,"minecraft:total_world_time":918510,"minecraft:time_since_rest":9642,"minecraft:swim_one_cm":591624,"minecraft:fly_one_cm":6467166,"minecraft:open_chest":404,"minecraft:fall_one_cm":656367,"minecraft:damage_resisted":759,"minecraft:sprint_one_cm":2246681,"minecraft:drop":366,"minecraft:talked_to_villager":14,"minecraft:interact_with_brewingstand":2,"minecraft:walk_on_water_one_cm":183800,"minecraft:interact_with_loom":5,"minecraft:player_kills":1,"minecraft:crouch_one_cm":288434,"minecraft:mob_kills":1318,"minecraft:damage_dealt_resisted":19542,"minecraft:climb_one_cm":58051,"minecraft:walk_one_cm":2131393,"minecraft:raid_win":2,"minecraft:walk_under_water_one_cm":308229,"spartanshields:shield_bash_hits":1,"minecraft:raid_trigger":3,"minecraft:interact_with_grindstone":26,"minecraft:damage_taken":28258,"minecraft:damage_absorbed":728},"minecraft:killed_by":{"minecraft:zombie":3,"minecraft:warden":1,"alexsmobs:centipede_head":2,"undead_revamp2:sucker":1,"aether:mimic":1,"minecraft:creeper":1,"aether:cockatrice":1,"minecraft:player":4,"undead_revamp2:therod":1},"minecraft:used":{"crystalcraft_unlimited_java:unoptanium_and_plutonium_sword":2,"minecraft:cracked_deepslate_tiles":75,"minecraft:spruce_boat":1,"cataclysm:infernal_forge":1,"create:zinc_ore":2,"minecraft:sweet_berries":11,"minecraft:cooked_cod":1,"minecraft:furnace":11,"crystalcraft_unlimited_java:matizium_sword":313,"minecraft:golden_apple":5,"minecraft:sand":7,"spartanshields:diamond_basic_shield":17,"minecraft:deepslate_tiles":24,"minecraft:oak_boat":4,"minecraft:enchanting_table":1,"crystalcraft_unlimited_java:matizium_armor_boots":1,"minecraft:netherrack":308,"minecraft:torch":11,"minecraft:anvil":2,"crystalcraft_unlimited_java:catseye_ore":18,"minecraft:beef":12,"minecraft:cobbled_deepslate":334,"minecraft:calcite":4,"born_in_chaos_v1:mint_ice_cream":1,"minecraft:water_bucket":125,"minecraft:fletching_table":1,"minecraft:polished_blackstone_bricks":53,"crystalcraft_unlimited_java:prism_hoe":14648,"minecraft:crafting_table":9,"minecraft:white_bed":16,"minecraft:dark_prismarine":19,"crystalcraft_unlimited_java:prism_sword":1941,"minecraft:iron_pickaxe":251,"minecraft:cobblestone":256,"minecraft:potion":1,"minecraft:porkchop":9,"minecraft:cooked_porkchop":59,"regions_unexplored:silt_dirt":1,"minecraft:shield":35,"minecraft:iron_sword":135,"aether:enchanted_berry":1,"minecraft:jungle_planks":2,"minecraft:tuff":73,"minecraft:axolotl_bucket":14,"regions_unexplored:eucalyptus_planks":31,"minecraft:dark_oak_wood":1,"minecraft:stone_bricks":2,"minecraft:written_book":1,"twilightforest:naga_trophy":1,"minecraft:stone_pickaxe":1,"minecraft:ender_pearl":20,"minecraft:sandstone":13,"minecraft:diamond_axe":3,"minecraft:crossbow":3,"minecraft:black_bed":2,"waystones:waystone":4,"minecraft:bread":31,"minecraft:blackstone_slab":1,"minecraft:grindstone":2,"minecraft:andesite":28,"minecraft:cobweb":4,"minecraft:experience_bottle":33,"crystalcraft_unlimited_java:matizium_pickaxe":9273,"minecraft:spruce_planks":65,"aether:healing_stone":1,"minecraft:oak_door":5,"minecraft:dirt":18,"aether:ambrosium_shard":1,"minecraft:dark_oak_planks":61,"minecraft:bookshelf":18,"crystalcraft_unlimited_java:prism_pickaxe":40795,"minecraft:golden_carrot":18,"crystalcraft_unlimited_java:palintinium_armor_helmet":1,"minecraft:cooked_beef":162,"aether:holystone":65,"minecraft:enchanted_golden_apple":20,"minecraft:cooked_mutton":65,"endrem:cryptic_eye":1,"minecraft:map":1,"crystalcraft_unlimited_java:rainbow_axe_2":492,"aether:golden_parachute":8,"aether:skyroot_remedy_bucket":2,"minecraft:bucket":156,"minecraft:yellow_bed":1,"alexsmobs:animal_dictionary":1},"minecraft:crafted":{"crystalcraft_unlimited_java:rainbow_axe_2":1,"crystalcraft_unlimited_java:palintinium_armor_helmet":2,"waystones:waystone":1,"minecraft:bookshelf":29,"crystalcraft_unlimited_java:palintinium_armor_leggings":1,"minecraft:cooked_mutton":31,"crystalcraft_unlimited_java:prism_bow":1,"crystalcraft_unlimited_java:matizium_sword":1,"minecraft:emerald":36,"minecraft:cooked_porkchop":33,"waystones:warp_stone":1,"crystalcraft_unlimited_java:palintinium_armor_chestplate":1,"usefulbackpacks:backpack_large":1,"minecraft:iron_pickaxe":1,"minecraft:iron_block":3,"minecraft:gold_ingot":99,"minecraft:iron_nugget":18,"minecraft:experience_bottle":4,"minecraft:spruce_boat":1,"minecraft:dark_oak_planks":64,"minecraft:crossbow":12,"minecraft:enchanting_table":1,"sophisticatedbackpacks:gold_backpack":3,"regions_unexplored:eucalyptus_planks":44,"minecraft:white_bed":5,"crystalcraft_unlimited_java:matizium_armor_boots":1,"minecraft:oak_planks":268,"crystalcraft_unlimited_java:prism_pickaxe":1,"minecraft:stone":4,"crystalcraft_unlimited_java:prism_sword":1,"minecraft:bow":12,"minecraft:chest":2,"minecraft:oak_button":4,"crystalcraft_unlimited_java:prism_hoe":2,"minecraft:stone_bricks":4,"minecraft:golden_boots":1,"sophisticatedbackpacks:backpack":2,"crystalcraft_unlimited_java:obsidian_stick":12,"minecraft:crafting_table":7,"minecraft:spruce_planks":20,"minecraft:birch_planks":306,"minecraft:shield":1,"sophisticatedbackpacks:diamond_backpack":3,"minecraft:stick":1188,"crystalcraft_unlimited_java:iron_stick":6,"minecraft:iron_ingot":79,"minecraft:oak_door":9,"crystalcraft_unlimited_java:matizium_armor_leggings":1,"crystalcraft_unlimited_java:matizium_armor_chestplate":1,"minecraft:furnace":7,"crystalcraft_unlimited_java:matizium_pickaxe":1,"usefulbackpacks:backpack_medium":1,"sophisticatedbackpacks:iron_backpack":2,"minecraft:cooked_beef":116,"crystalcraft_unlimited_java:palintinium_armor_boots":1,"minecraft:bucket":16,"minecraft:air":0,"minecraft:oak_boat":1,"minecraft:raw_gold":54,"minecraft:anvil":1,"crystalcraft_unlimited_java:obsidian_shard":36,"minecraft:torch":8},"minecraft:mined":{"minecraft:dark_oak_planks":4,"crystalcraft_unlimited_java:zircon_ore":1,"twilightforest:cracked_etched_nagastone":2,"regions_unexplored:yellow_bioshroom_block":1,"minecraft:cut_sandstone_slab":4,"graveyard:pedestal":1,"minecraft:white_bed":13,"crystalcraft_unlimited_java:rose_quartz_ore":5,"crystalcraft_unlimited_java:chrome_ore":11,"minecraft:obsidian":45,"crystalcraft_unlimited_java:australian_sapphire_ore":5,"regions_unexplored:dropleaf":2,"minecraft:granite":356,"minecraft:deepslate_tile_wall":1,"born_in_chaos_v1:dark_metal_deposit":4,"crystalcraft_unlimited_java:smoky_quartz_ore":3,"minecraft:deepslate_bricks":16,"minecraft:green_concrete":1,"minecraft:chiseled_stone_bricks":2,"minecraft:spawner":77,"crystalcraft_unlimited_java:deepslate_citrine_ore":1,"graveyard:wither_skull_with_rib_cage":1,"minecraft:polished_blackstone_bricks":435,"minecraft:tall_seagrass":9,"crystalcraft_unlimited_java:fluorite_ore":1,"regions_unexplored:kapok_vines_plant":1,"minecraft:magma_block":72,"regions_unexplored:stone_bud":2,"crystalcraft_unlimited_java:deepslate_tanzanite_ore":3,"minecraft:mossy_cobblestone_stairs":3,"minecraft:cobbled_deepslate":18,"undead_revamp2:altaractive":1,"minecraft:fire":11,"minecraft:moss_carpet":4,"graveyard:ossuary":1,"crystalcraft_unlimited_java:deepslate_opal_ore":2,"minecraft:deepslate_lapis_ore":2,"crystalcraft_unlimited_java:pink_ruby_ore":2,"minecraft:fletching_table":1,"crystalcraft_unlimited_java:sapphire_ore":1,"minecraft:enchanting_table":1,"minecraft:sculk_shrieker":13,"minecraft:cave_vines":3,"minecraft:polished_deepslate_slab":6,"minecraft:deepslate_brick_stairs":6,"minecraft:smooth_sandstone_stairs":2,"minecraft:spruce_wood":4,"crystalcraft_unlimited_java:pitambari_neelam_ore":1,"regions_unexplored:silt_grass_block":3,"create:limestone":134,"crystalcraft_unlimited_java:sonoranite_ore":1,"minecraft:tripwire":1,"regions_unexplored:dead_steppe_shrub":2,"minecraft:sandstone_slab":4,"minecraft:cut_sandstone":63,"crystalcraft_unlimited_java:kunzite_ore":2,"graveyard:light_gray_urn":1,"minecraft:crimson_nylium":7,"minecraft:kelp_plant":6,"regions_unexplored:tall_cobalt_earlight":1,"minecraft:soul_fire":15,"regions_unexplored:corpse_flower":6,"regions_unexplored:steppe_tall_grass":1,"minecraft:amethyst_cluster":2,"crystalcraft_unlimited_java:deepslate_magnesium_ore":10,"minecraft:oxidized_cut_copper_stairs":1,"born_in_chaos_v1:infected_deepslate_diamond_ore":3,"regions_unexplored:bladed_tall_grass":1,"minecraft:dark_oak_wood":28,"minecraft:blast_furnace":3,"regions_unexplored:peat_grass_block":1,"minecraft:oxidized_copper":6,"minecraft:green_concrete_powder":2,"minecraft:white_stained_glass_pane":1,"minecraft:dead_bush":3,"crystalcraft_unlimited_java:hercynite_ore":1,"minecraft:glass":2,"regions_unexplored:cobalt_roots":2,"undead_revamp2:chiseled_dripstonepillar":136,"crystalcraft_unlimited_java:deepslate_silver_ore":5,"minecraft:sugar_cane":3,"minecraft:bricks":1,"crystalcraft_unlimited_java:stibnite_ore":5,"crystalcraft_unlimited_java:rare_deepslate_sapphire_ore":3,"minecraft:amethyst_block":131,"minecraft:white_terracotta":3,"minecraft:chain":1,"regions_unexplored:hyssop":1,"crystalcraft_unlimited_java:iridium_ore":2,"crystalcraft_unlimited_java:deepslate_titanium_ore":10,"crystalcraft_unlimited_java:deepslate_sapphire_ore":5,"undead_revamp2:chiseleddripstoneblock":44,"minecraft:light_gray_stained_glass":1,"crystalcraft_unlimited_java:deepslate_black_opal_ore":3,"minecraft:lilac":2,"minecraft:black_bed":2,"butcher:sulfurore":2,"minecraft:stone_brick_stairs":2,"crystalcraft_unlimited_java:black_opal_ore":1,"minecraft:prismarine_brick_stairs":1,"minecraft:grass":42,"regions_unexplored:eucalyptus_log":24,"crystalcraft_unlimited_java:jasper_ore":1,"crystalcraft_unlimited_java:indium_ore":3,"minecraft:smooth_quartz":27,"minecraft:smooth_basalt":232,"crystalcraft_unlimited_java:deepslate_technetium_ore":1,"minecraft:deepslate":18424,"minecraft:piston":1,"regions_unexplored:mycotoxic_grass":2,"minecraft:purple_glazed_terracotta":8,"regions_unexplored:fireweed":2,"minecraft:suspicious_gravel":1,"create:zinc_ore":3,"minecraft:yellow_terracotta":8,"minecraft:dark_prismarine":354,"minecraft:deepslate_tiles":737,"crystalcraft_unlimited_java:deepslate_ametyst_ore":15,"minecraft:mossy_cobblestone":17,"crystalcraft_unlimited_java:deepslate_grand_ore":6,"regions_unexplored:dusktrap":6,"minecraft:sea_lantern":5,"minecraft:cobbled_deepslate_slab":6,"minecraft:dark_oak_fence":3,"crystalcraft_unlimited_java:silicium_ore":2,"minecraft:spruce_fence":8,"crystalcraft_unlimited_java:deepslate_sugillite_ore":3,"minecraft:jungle_planks":15,"born_in_chaos_v1:black_argillite":113,"minecraft:crimson_roots":2,"crystalcraft_unlimited_java:deepslate_jade_ore":4,"graveyard:tg_deepslate":15,"crystalcraft_unlimited_java:watermelon_tourmaline_ore":4,"regions_unexplored:maple_leaves":12,"minecraft:moss_block":26,"minecraft:kelp":1,"crystalcraft_unlimited_java:iolite_ore":1,"regions_unexplored:argillite":27,"minecraft:snow":5,"crystalcraft_unlimited_java:deepslate_platinum_ore":2,"minecraft:andesite":490,"crystalcraft_unlimited_java:deepslate_peridot_ore":19,"minecraft:mossy_stone_brick_stairs":4,"crystalcraft_unlimited_java:deepslate_aluminium_ore":3,"minecraft:vine":4,"minecraft:rail":2,"regions_unexplored:ash_vent":5,"crystalcraft_unlimited_java:bloodstone_ore":1,"minecraft:bamboo":1,"regions_unexplored:day_lily":1,"regions_unexplored:bladed_grass":1,"minecraft:white_wool":5,"minecraft:green_wool":1,"minecraft:oak_slab":4,"crystalcraft_unlimited_java:sunstone_ore":2,"aether:zanite_ore":2,"create_new_age:magnetite_block":9,"minecraft:observer":1,"minecraft:smooth_sandstone":2,"minecraft:cobbled_deepslate_wall":2,"minecraft:prismarine_slab":61,"crystalcraft_unlimited_java:olivine_ore":4,"crystalcraft_unlimited_java:sugillite_ore":4,"crystalcraft_unlimited_java:onyx_ore":5,"regions_unexplored:volcanic_ash":188,"regions_unexplored:silt_dirt":10,"minecraft:copper_ore":4,"minecraft:tall_grass":33,"twilightforest:nagastone":12,"minecraft:deepslate_gold_ore":3,"crystalcraft_unlimited_java:deepslate_sardonyx_ore":7,"minecraft:cracked_deepslate_bricks":5,"crystalcraft_unlimited_java:deepslate_ruthenium_ore":1,"crystalcraft_unlimited_java:azurite_ore":2,"minecraft:diorite":124,"minecraft:big_dripleaf":2,"minecraft:coarse_dirt":1,"crystalcraft_unlimited_java:deepslate_ammolite_ore":5,"crystalcraft_unlimited_java:deepslate_matizium_ore":82,"regions_unexplored:steppe_shrub":3,"minecraft:birch_leaves":3,"minecraft:weathered_cut_copper":4,"regions_unexplored:sandy_grass":1,"regions_unexplored:magnolia_shrub":1,"minecraft:gravel":30,"minecraft:dripstone_block":10,"minecraft:cobweb":56,"minecraft:spruce_fence_gate":2,"minecraft:stone_bricks":34,"crystalcraft_unlimited_java:raspberry_diamond_ore":1,"minecraft:chipped_anvil":1,"crystalcraft_unlimited_java:yttrium_ore":2,"minecraft:deepslate_emerald_ore":1,"regions_unexplored:tassel":1,"crystalcraft_unlimited_java:deepslate_spinel_ore":2,"create:deepslate_zinc_ore":8,"crystalcraft_unlimited_java:deepslate_saphire_ore":3,"minecraft:spruce_planks":36,"minecraft:prismarine_wall":1,"minecraft:cobbled_deepslate_stairs":1,"minecraft:sculk_vein":1308,"crystalcraft_unlimited_java:medusa_quartz_ore":1,"minecraft:spruce_trapdoor":1,"minecraft:cave_vines_plant":3,"regions_unexplored:hanging_prismarite":12,"minecraft:budding_amethyst":2,"minecraft:stripped_crimson_hyphae":1,"minecraft:grass_block":10,"minecraft:cracked_polished_blackstone_bricks":35,"crystalcraft_unlimited_java:palintinium_ore":66,"minecraft:white_concrete":5,"minecraft:purple_stained_glass_pane":2,"graveyard:dark_iron_door":5,"regions_unexplored:argillite_grass_block":3,"crystalcraft_unlimited_java:amethyst_ore":1,"minecraft:mud_bricks":55,"crystalcraft_unlimited_java:catseye_ore":8,"minecraft:gilded_blackstone":1,"minecraft:sandstone_stairs":1,"minecraft:sculk_catalyst":46,"minecraft:iron_ore":57,"graveyard:leaning_wither_skeleton":1,"minecraft:anvil":1,"regions_unexplored:silver_birch_leaves":1,"minecraft:dark_oak_stairs":2,"crystalcraft_unlimited_java:garnet_ore":2,"crystalcraft_unlimited_java:prism_ore":17,"minecraft:iron_bars":5,"minecraft:azalea":1,"crystalcraft_unlimited_java:rare_amethyst_ore":1,"minecraft:spruce_slab":2,"crystalcraft_unlimited_java:matizium_ore":20,"crystalcraft_unlimited_java:deepslate_prism_ore":80,"minecraft:deepslate_redstone_ore":11,"crystalcraft_unlimited_java:deepslate_malachite_ore":2,"crystalcraft_unlimited_java:peacock_topaz_ore":2,"minecraft:quartz_block":1,"aether:holystone":535,"minecraft:blackstone":486,"minecraft:exposed_copper":1,"minecraft:polished_deepslate_stairs":3,"crystalcraft_unlimited_java:deepslate_amber_ore":9,"minecraft:clay":7,"minecraft:light_gray_terracotta":4,"minecraft:jungle_stairs":2,"minecraft:calcite":42,"minecraft:mossy_cobblestone_wall":2,"minecraft:potted_warped_roots":1,"minecraft:chest":1,"minecraft:nether_quartz_ore":1,"minecraft:cobblestone":554,"graveyard:skeleton_hand":1,"minecraft:prismarine":338,"minecraft:grindstone":2,"minecraft:oak_planks":15,"crystalcraft_unlimited_java:labradorite_ore":2,"minecraft:iron_door":1,"minecraft:wall_torch":2,"crystalcraft_unlimited_java:citrine_ore":2,"minecraft:seagrass":3,"crystalcraft_unlimited_java:deepslate_zirconium_ore":1,"regions_unexplored:sandy_tall_grass":1,"minecraft:birch_log":79,"minecraft:blue_ice":3,"minecraft:tnt":29,"regions_unexplored:steppe_grass":3,"minecraft:cracked_deepslate_tiles":289,"crystalcraft_unlimited_java:deepslate_rhodium_block":1,"minecraft:oak_log":95,"crystalcraft_unlimited_java:deepslate_aquamarine_ore":4,"crystalcraft_unlimited_java:brickerite_ore":1,"minecraft:sand":261,"minecraft:dirt":19,"crystalcraft_unlimited_java:deepslate_flourite_ore":3,"minecraft:tripwire_hook":1,"crystalcraft_unlimited_java:iris_agate_ore":1,"regions_unexplored:cobalt_nylium":18,"minecraft:dispenser":1,"minecraft:netherrack":2657,"minecraft:ancient_debris":3,"regions_unexplored:prismoss_sprout":1,"create:crimsite":261,"minecraft:oak_leaves":7,"alexscaves:spelunkery_table":1,"minecraft:tuff":2467,"crystalcraft_unlimited_java:ametrine_ore":5,"regions_unexplored:barley":5,"minecraft:potted_wither_rose":1,"minecraft:deepslate_diamond_ore":117,"minecraft:blackstone_wall":2,"born_in_chaos_v1:infected_diamond_ore":1,"crystalcraft_unlimited_java:deepslate_topaz_ore":4,"minecraft:ladder":2,"gravestone:gravestone":16,"crystalcraft_unlimited_java:chalcanthite_ore":12,"crystalcraft_unlimited_java:tin_ore":2,"minecraft:polished_andesite_slab":2,"regions_unexplored:magnolia_leaves":4,"minecraft:spruce_leaves":13,"minecraft:sandstone":158,"crystalcraft_unlimited_java:titanium_ore":3,"minecraft:large_fern":4,"minecraft:hay_block":1,"minecraft:deepslate_brick_slab":1,"minecraft:oxidized_cut_copper":5,"minecraft:furnace":6,"minecraft:polished_basalt":17,"twilightforest:naga_trophy":1,"crystalcraft_unlimited_java:molybdenum_ore":7,"minecraft:chiseled_sandstone":2,"minecraft:stripped_spruce_log":2,"minecraft:chiseled_deepslate":1,"minecraft:gold_block":1,"minecraft:polished_deepslate":3,"minecraft:bookshelf":96,"minecraft:deepslate_iron_ore":18,"crystalcraft_unlimited_java:deepslate_tourmaline_ore":4,"minecraft:stripped_oak_log":4,"minecraft:stripped_jungle_log":2,"crystalcraft_unlimited_java:jade_ore":2,"regions_unexplored:medium_grass":8,"crystalcraft_unlimited_java:amber_ore":1,"minecraft:stone":18094,"crystalcraft_unlimited_java:silver_ore":2,"regions_unexplored:redstone_bulb":1,"minecraft:podzol":1,"crystalcraft_unlimited_java:chrysolite_ore":1,"minecraft:infested_stone_bricks":1,"minecraft:snow_block":6,"minecraft:basalt":123,"regions_unexplored:mycotoxic_moss":17,"minecraft:oak_fence":5,"minecraft:crafting_table":4,"crystalcraft_unlimited_java:deepslate_ruby_ore":2,"crystalcraft_unlimited_java:deepslate_uranium_ore":3,"undead_revamp2:bostrokestone":2,"minecraft:blackstone_slab":4,"crystalcraft_unlimited_java:deepslate_cadmium_ore":3,"regions_unexplored:pink_magnolia_leaves":1,"minecraft:rose_bush":1,"minecraft:andesite_slab":1,"minecraft:sculk_sensor":166,"crystalcraft_unlimited_java:americium_ore":2,"crystalcraft_unlimited_java:holmium_ore":3,"minecraft:lapis_ore":8,"minecraft:polished_blackstone_brick_stairs":3,"minecraft:sculk":13170,"crystalcraft_unlimited_java:lithium_ore":1,"minecraft:prismarine_bricks":79,"minecraft:spruce_stairs":1,"minecraft:birch_planks":5,"graveyard:skull_with_rib_cage":2,"minecraft:yellow_bed":2,"minecraft:coal_ore":109,"regions_unexplored:mycotoxic_mushrooms":1,"minecraft:cyan_carpet":8,"crystalcraft_unlimited_java:deepslate_manganese_ore":1,"minecraft:cracked_stone_bricks":32,"crystalcraft_unlimited_java:deepslate_chrysolite_ore":7,"minecraft:small_dripleaf":1,"minecraft:mossy_stone_bricks":44,"minecraft:birch_fence":7},"minecraft:killed":{"minecraft:cave_spider":12,"born_in_chaos_v1:mr_pumpkin":10,"born_in_chaos_v1:restless_spirit":3,"born_in_chaos_v1:zombie_lumberjack":3,"born_in_chaos_v1:skeleton_demoman":1,"born_in_chaos_v1:sir_the_headless":1,"born_in_chaos_v1:door_knight_not_despawn":2,"alexsmobs:murmur":1,"graveyard:wraith":50,"born_in_chaos_v1:siamese_skeletonsright":1,"creeperoverhaul:dripstone_creeper":1,"born_in_chaos_v1:baby_skeleton_minion":5,"undead_revamp2:theswarmer":6,"minecraft:skeleton":102,"minecraft:guardian":33,"graveyard:acolyte":23,"minecraft:chicken":12,"born_in_chaos_v1:skeleton_thrasher":5,"creeperoverhaul:cave_creeper":2,"alexsmobs:centipede_head":1,"undead_revamp2:thepregnant":2,"aether:blue_swet":3,"alexsmobs:skelewag":2,"aether:moa":1,"born_in_chaos_v1:supreme_bonescaller_stage_2":1,"minecraft:tropical_fish":1,"undead_revamp2:thespitter":5,"minecraft:elder_guardian":1,"minecraft:iron_golem":2,"undead_revamp2:theheavy":1,"aether:sheepuff":2,"minecraft:pillager":76,"undead_revamp2:slaveman":2,"alexsmobs:flutter":1,"minecraft:zombie":132,"born_in_chaos_v1:corpse_fly":13,"cataclysm:deepling":2,"born_in_chaos_v1:door_knight":6,"minecraft:cow":45,"minecraft:evoker":1,"alexsmobs:blobfish":1,"undead_revamp2:thehunter":11,"aether:mimic":1,"graveyard:corrupted_vindicator":62,"alexsmobs:raccoon":3,"minecraft:vindicator":12,"born_in_chaos_v1:skeleton_thrasher_not_despawn":1,"undead_revamp2:bomber":1,"born_in_chaos_v1:thornshell_crab":1,"born_in_chaos_v1:firelight":1,"born_in_chaos_v1:pumpkinhead":1,"minecraft:horse":1,"undead_revamp2:thebidy":3,"twilightforest:death_tome":1,"minecraft:warden":1,"cataclysm:deepling_angler":2,"born_in_chaos_v1:spiritof_chaos":4,"minecraft:husk":16,"graveyard:ghoul":2,"born_in_chaos_v1:bone_imp_minion":4,"undead_revamp2:the_moonflower":29,"minecraft:ravager":3,"born_in_chaos_v1:decrepit_skeleton":28,"alexsmobs:gelada_monkey":2,"born_in_chaos_v1:bloody_gadfly":1,"undead_revamp2:thesomnolence":6,"born_in_chaos_v1:dark_vortex":3,"minecraft:enderman":2,"undead_revamp2:thewolf":2,"born_in_chaos_v1:zombie_clown":2,"graveyard:skeleton_creeper":1,"alexsmobs:anaconda":1,"creeperoverhaul:beach_creeper":1,"minecraft:spider":36,"alexsmobs:snow_leopard":1,"undead_revamp2:thesmoker":8,"alexsmobs:banana_slug":1,"minecraft:bee":7,"minecraft:axolotl":1,"undead_revamp2:therod":9,"minecraft:piglin_brute":1,"born_in_chaos_v1:firelight_not_despawn":5,"artifacts:mimic":7,"minecraft:wolf":1,"minecraft:piglin":3,"born_in_chaos_v1:bonescaller":2,"minecraft:pig":39,"alexsmobs:grizzly_bear":1,"minecraft:zombie_villager":8,"born_in_chaos_v1:diamond_termite":6,"undead_revamp2:thebeartamer":1,"minecraft:creeper":34,"aether:phyg":2,"alexsmobs:crimson_mosquito":1,"minecraft:sheep":54,"undead_revamp2:theordure":1,"undead_revamp2:thebidyupside":5,"aether:zephyr":1,"cataclysm:deepling_brute":2,"born_in_chaos_v1:dread_hound":10,"creeperoverhaul:swamp_creeper":1,"alexsmobs:sunbird":1,"minecraft:stray":1,"undead_revamp2:theskeeper":2,"alexsmobs:fly":1,"graveyard:corrupted_pillager":49,"born_in_chaos_v1:siamese_skeletonsleft":1,"minecraft:vex":2,"undead_revamp2:bigsucker":7,"born_in_chaos_v1:missioner":1,"undead_revamp2:thegliter":4,"born_in_chaos_v1:zombie_clown_not_despawn":1,"undead_revamp2:neocrorines":1,"undead_revamp2:thedungeon":1,"alexsmobs:tasmanian_devil":1,"minecraft:slime":3,"born_in_chaos_v1:zombie_bruiser":9,"born_in_chaos_v1:maggot":59,"minecraft:phantom":1,"twilightforest:naga":1,"alexsmobs:bison":12,"cataclysm:lionfish":3,"minecraft:drowned":6,"undead_revamp2:thehorrors":2,"aether:aerbunny":1,"undead_revamp2:sucker":40,"cataclysm:nameless_sorcerer":1,"born_in_chaos_v1:felsteed":2,"born_in_chaos_v1:baby_skeleton":8,"born_in_chaos_v1:swarmer":3,"minecraft:hoglin":2,"aether:flying_cow":1,"alexsmobs:emu":2,"born_in_chaos_v1:phantom_creeper_copy":1,"born_in_chaos_v1:decaying_zombie":4,"alexsmobs:cockroach":1,"sons_of_sins:betrayed_guzzler":3,"born_in_chaos_v1:bonescaller_not_despawn":2,"born_in_chaos_v1:nightmare_stalker":3,"alexsmobs:crow":1,"minecraft:wither_skeleton":13,"born_in_chaos_v1:decaying_zombie_not_despawn":2},"minecraft:broken":{"minecraft:golden_boots":1,"aether:zanite_pendant":1,"minecraft:iron_pickaxe":1,"aether:chainmail_gloves":1},"minecraft:dropped":{"sophisticatedbackpacks:iron_backpack":1,"crystalcraft_unlimited_java:amethyst":2,"minecraft:iron_sword":1,"minecraft:cooked_beef":1,"minecraft:glow_ink_sac":6,"crystalcraft_unlimited_java:sapphire":1,"minecraft:diamond":11,"minecraft:glass_bottle":1,"minecraft:crafting_table":1,"minecraft:cooked_porkchop":8,"minecraft:orange_tulip":1,"crystalcraft_unlimited_java:catseye_ore":2,"crystalcraft_unlimited_java:prism":10,"minecraft:cracked_stone_bricks":24,"minecraft:rail":1,"minecraft:dragon_breath":2,"crystalcraft_unlimited_java:radium_armor_leggings":1,"spartanshields:wooden_basic_shield":1,"minecraft:emerald":1,"born_in_chaos_v1:monster_flesh":3,"minecraft:dirt":1,"crystalcraft_unlimited_java:mythril_sword":1,"minecraft:cracked_deepslate_tiles":117,"minecraft:chain":1,"minecraft:iron_pickaxe":1,"undead_revamp2:blacpetalblock":1,"minecraft:white_wool":11,"artifacts:cowboy_hat":1,"sons_of_sins:flesh_of_demise":1,"minecraft:bone":72,"crystalcraft_unlimited_java:prism_hoe":1,"minecraft:polished_andesite_slab":2,"minecraft:cobbled_deepslate":1983,"alexsmobs:animal_dictionary":1,"minecraft:wheat":2,"minecraft:obsidian":34,"undead_revamp2:arapholia":3,"minecraft:rotten_flesh":87,"minecraft:oak_planks":6,"crystalcraft_unlimited_java:matizium_armor_helmet":2,"minecraft:white_bed":1,"minecraft:deepslate_tiles":105,"crystalcraft_unlimited_java:stibnite":2,"regions_unexplored:eucalyptus_planks":13,"regions_unexplored:hanging_prismarite":1,"crystalcraft_unlimited_java:radium_armor_helmet":1,"create:limestone":3,"minecraft:painting":1,"regions_unexplored:eucalyptus_sapling":4,"crystalcraft_unlimited_java:matizium_sword":1,"minecraft:egg":12,"minecraft:enchanted_book":22,"minecraft:iron_ingot":1,"regions_unexplored:fireweed":1,"moredelight:loaded_hamburger":32,"minecraft:wheat_seeds":7,"minecraft:feather":8,"minecraft:cobblestone":2636,"minecraft:book":5,"regions_unexplored:tassel":1,"minecraft:stripped_jungle_log":2,"graveyard:bone_dagger":1,"crystalcraft_unlimited_java:prism_sword":3,"crystalcraft_unlimited_java:tanzanite":1,"minecraft:pufferfish":1,"minecraft:cobweb":2,"regions_unexplored:magnolia_shrub":1,"artifacts:plastic_drinking_hat":1,"minecraft:string":5,"crystalcraft_unlimited_java:chalcanthite":1,"minecraft:moss_carpet":2,"minecraft:clay_ball":4,"sophisticatedbackpacks:backpack":1,"regions_unexplored:hyssop":1,"minecraft:spruce_fence":2,"minecraft:pumpkin_seeds":20,"aether:zanite_pendant":1,"butcher:butchersguidebook":2,"crystalcraft_unlimited_java:catseye":7,"minecraft:piglin_banner_pattern":1,"minecraft:spruce_planks":60,"minecraft:spider_eye":4,"minecraft:stone_bricks":1,"minecraft:sandstone":13,"crystalcraft_unlimited_java:matizium_pickaxe":1,"artifacts:snowshoes":1,"minecraft:black_wool":1,"minecraft:spruce_sign":2,"minecraft:moss_block":16,"minecraft:diamond_axe":1,"minecraft:leather":7,"crystalcraft_unlimited_java:obsidian_stick":1,"minecraft:chest_minecart":1,"minecraft:jungle_planks":5,"twilightforest:naga_scale":1,"born_in_chaos_v1:monster_skin":1,"minecraft:crimson_roots":1,"minecraft:cut_sandstone":4,"gravestone:obituary":29,"minecraft:axolotl_bucket":1,"minecraft:polished_blackstone_bricks":34,"spartanshields:diamond_tower_shield":1,"undead_revamp2:chiseleddripstoneblock":1,"minecraft:blackstone":64,"minecraft:carrot":1,"minecraft:gunpowder":5,"born_in_chaos_v1:seedof_chaos":3,"born_in_chaos_v1:corpse_maggot":3,"minecraft:melon_seeds":4,"minecraft:chest":1,"doggytalents:rice_grains":1,"create:zinc_ore":1,"minecraft:basalt":6,"minecraft:arrow":23,"minecraft:netherrack":310,"minecraft:enchanting_table":1,"minecraft:water_bucket":2,"minecraft:bread":2,"crystalcraft_unlimited_java:xernium_pickaxe":1,"crystalcraft_unlimited_java:olivine":2,"crystalcraft_unlimited_java:raw_molybdenum":1,"minecraft:bookshelf":15,"minecraft:activator_rail":2,"minecraft:stick":4,"aether:poison_dart":4,"aether:enchanted_dart":8,"minecraft:deepslate_brick_stairs":2,"minecraft:torch":55,"minecraft:brown_wool":1,"minecraft:iron_door":1,"regions_unexplored:dead_steppe_shrub":2,"minecraft:cactus":3,"crystalcraft_unlimited_java:radium_armor_boots":1,"alexsmobs:maggot":2,"minecraft:tuff":297,"minecraft:raw_iron":6,"crystalcraft_unlimited_java:radium_armor_chestplate":1,"minecraft:filled_map":2,"minecraft:andesite":1,"minecraft:mossy_stone_bricks":1,"aether:holystone":103,"artifacts:cross_necklace":1,"minecraft:stone_pickaxe":1,"minecraft:raw_gold":1,"crystalcraft_unlimited_java:matizium":30},"minecraft:picked_up":{"minecraft:iron_chestplate":2,"minecraft:anvil":1,"minecraft:prismarine_shard":124,"minecraft:lead":1,"twilightforest:naga_trophy":1,"minecraft:diamond_sword":1,"regions_unexplored:silt_dirt":12,"minecraft:enchanted_book":19,"crystalcraft_unlimited_java:labradorite":1,"crystalcraft_unlimited_java:radium_armor_boots":1,"minecraft:string":149,"create:limestone":67,"minecraft:cooked_salmon":3,"minecraft:pufferfish":1,"crystalcraft_unlimited_java:catseye":7,"alexsmobs:emu_feather":10,"minecraft:cobbled_deepslate":3507,"minecraft:spruce_planks":300,"spartanshields:diamond_tower_shield":1,"minecraft:enchanted_golden_apple":1,"crystalcraft_unlimited_java:sonoranite":1,"undead_revamp2:suckermemebrane":15,"minecraft:polished_blackstone_brick_slab":2,"crystalcraft_unlimited_java:matizium_pickaxe":1,"born_in_chaos_v1:shattered_skull":1,"minecraft:acacia_log":1,"crystalcraft_unlimited_java:raw_aluminium":3,"alexsmobs:centipede_leg":1,"the_bumblezone:bee_stinger":1,"aether:zanite_pendant":1,"aether:chainmail_gloves":2,"minecraft:bookshelf":4,"crystalcraft_unlimited_java:mythril_sword":1,"minecraft:iron_bars":4,"minecraft:birch_log":83,"minecraft:magma_block":13,"minecraft:feather":26,"minecraft:cooked_beef":75,"minecraft:iron_door":1,"born_in_chaos_v1:spiritual_dust":2,"minecraft:water_bucket":1,"minecraft:brown_wool":1,"regions_unexplored:dead_steppe_shrub":2,"alexsmobs:bison_fur":23,"minecraft:flint":1,"minecraft:map":1,"minecraft:lantern":1,"regions_unexplored:cobalt_roots":2,"born_in_chaos_v1:nightmare_stalker_skull":1,"celestial_core:warden_sclerite":1,"minecraft:chipped_anvil":1,"undead_revamp2:blacpetalblock":2,"artifacts:antidote_vessel":3,"minecraft:moss_block":16,"crystalcraft_unlimited_java:chalcanthite":4,"regions_unexplored:dropleaf":2,"minecraft:honeycomb":1,"crystalcraft_unlimited_java:stibnite":5,"crystalcraft_unlimited_java:prism":37,"celestial_artifacts:fang_necklace":3,"aether:zanite_gemstone":3,"minecraft:stripped_spruce_log":1,"sophisticatedbackpacks:iron_backpack":1,"cataclysm:lionfish":2,"butcher:sulfur":2,"regions_unexplored:hyssop":1,"butcher:butchersguidebook":1,"artifacts:crystal_heart":1,"minecraft:granite":57,"aether:swet_ball":2,"minecraft:chainmail_helmet":1,"minecraft:bread":19,"alexsmobs:maggot":3,"minecraft:dark_oak_fence":2,"aether:blue_aercloud":3,"minecraft:crimson_roots":4,"minecraft:crafting_table":6,"minecraft:coarse_dirt":1,"minecraft:clay_ball":4,"born_in_chaos_v1:seedof_chaos":7,"crystalcraft_unlimited_java:jade":1,"gravestone:obituary":12,"aether:poison_dart":8,"born_in_chaos_v1:intoxicating_decoction":2,"minecraft:cracked_stone_bricks":24,"minecraft:beef":226,"born_in_chaos_v1:gnawed_bones":1,"minecraft:chest":3,"minecraft:birch_sapling":10,"crystalcraft_unlimited_java:sapphire":1,"minecraft:egg":20,"regions_unexplored:day_lily":1,"minecraft:sandstone":26,"minecraft:polished_deepslate_slab":1,"crystalcraft_unlimited_java:raw_iridium":1,"sophisticatedbackpacks:backpack":3,"minecraft:spruce_fence":8,"born_in_chaos_v1:pieceofdarkmetal":19,"minecraft:carrot":4,"minecraft:redstone":30,"crystalcraft_unlimited_java:amethyst":6,"minecraft:prismarine_crystals":47,"crystalcraft_unlimited_java:medusa_quartz":1,"born_in_chaos_v1:charmof_fury":1,"crystalcraft_unlimited_java:xernium_pickaxe":1,"minecraft:cooked_cod":76,"born_in_chaos_v1:wood_splitter_axe":1,"minecraft:deepslate_bricks":7,"artifacts:snowshoes":5,"minecraft:cracked_deepslate_bricks":2,"born_in_chaos_v1:spiny_shell":4,"crystalcraft_unlimited_java:peacock_topaz":2,"minecraft:totem_of_undying":1,"undead_revamp2:wincallerfan":1,"minecraft:mutton":36,"minecraft:white_wool":55,"minecraft:rail":8,"minecraft:stripped_oak_log":4,"regions_unexplored:eucalyptus_log":13,"born_in_chaos_v1:monster_flesh":4,"born_in_chaos_v1:pumpkin_staff":1,"minecraft:tripwire_hook":1,"minecraft:blackstone_slab":1,"doggytalents:rice_grains":5,"minecraft:oak_log":69,"minecraft:ancient_debris":3,"minecraft:paper":3,"minecraft:white_banner":11,"endrem:cryptic_eye":1,"born_in_chaos_v1:soul_cutlass":1,"minecraft:apple":10,"minecraft:stone_bricks":5,"minecraft:kelp":3,"crystalcraft_unlimited_java:angerites_armor_boots":1,"born_in_chaos_v1:smoked_flesh":4,"minecraft:cobweb":4,"crystalcraft_unlimited_java:chrysolite":3,"minecraft:iron_sword":1,"crystalcraft_unlimited_java:angerites_armor_leggings":1,"minecraft:dark_oak_stairs":2,"crystalcraft_unlimited_java:matizium_armor_leggings":1,"aether:enchanted_dart":16,"born_in_chaos_v1:orbofthe_summoner":1,"born_in_chaos_v1:ethereal_spirit":12,"graveyard:ossuary":1,"minecraft:gravel":1,"crystalcraft_unlimited_java:bloodstone":7,"minecraft:spruce_log":2,"crystalcraft_unlimited_java:uranium":3,"minecraft:slime_ball":10,"aether:golden_ring":3,"regions_unexplored:fireweed":1,"minecraft:purple_glazed_terracotta":7,"minecraft:diamond_axe":1,"minecraft:painting":2,"crystalcraft_unlimited_java:sugillite":4,"crystalcraft_unlimited_java:raw_magnesium":3,"minecraft:gray_wool":1,"minecraft:melon_seeds":8,"minecraft:ender_pearl":7,"minecraft:wheat":4,"crystalcraft_unlimited_java:iolite":1,"crystalcraft_unlimited_java:raw_holmium":2,"crystalcraft_unlimited_java:amber":7,"minecraft:gilded_blackstone":1,"minecraft:stone_brick_stairs":2,"born_in_chaos_v1:bloody_gadfly_eye":1,"regions_unexplored:magnolia_shrub":1,"crystalcraft_unlimited_java:radium_armor_chestplate":1,"born_in_chaos_v1:black_argillite":1,"crystalcraft_unlimited_java:radium_armor_helmet":1,"minecraft:activator_rail":2,"minecraft:deepslate_tiles":227,"crystalcraft_unlimited_java:peridot":12,"minecraft:bucket":2,"minecraft:rose_bush":1,"minecraft:calcite":4,"born_in_chaos_v1:stimulating_decoction":2,"nethersdelight:hoglin_sirloin":5,"minecraft:smooth_quartz":118,"minecraft:iron_pickaxe":1,"crystalcraft_unlimited_java:radium_armor_leggings":1,"minecraft:deepslate_tile_wall":1,"crystalcraft_unlimited_java:angerites_armor_helmet":1,"minecraft:furnace":8,"minecraft:stick":30,"crystalcraft_unlimited_java:matizium_armor_helmet":3,"regions_unexplored:corpse_flower":3,"minecraft:polished_deepslate_stairs":1,"minecraft:oak_fence":3,"crystalcraft_unlimited_java:hercynite":1,"minecraft:torch":58,"crystalcraft_unlimited_java:matizium_armor_chestplate":1,"minecraft:porkchop":51,"minecraft:diorite":5,"born_in_chaos_v1:nightmare_claw":2,"undead_revamp2:shieldmask_helmet":2,"regions_unexplored:daisy":1,"regions_unexplored:barley":3,"minecraft:cactus":3,"minecraft:rotten_flesh":457,"crystalcraft_unlimited_java:matizium_sword":1,"crystalcraft_unlimited_java:prism_pickaxe":1,"crystalcraft_unlimited_java:zircon_14":1,"aether:iron_ring":4,"celestial_core:ocean_essence":2,"minecraft:deepslate_brick_stairs":3,"minecraft:obsidian":45,"minecraft:cod":1,"undead_revamp2:arapholia":4,"minecraft:cobblestone":3371,"minecraft:nautilus_shell":1,"minecraft:enchanting_table":1,"minecraft:andesite":29,"minecraft:black_bed":2,"minecraft:potato":2,"crystalcraft_unlimited_java:iris_agate":1,"minecraft:tuff":628,"crystalcraft_unlimited_java:spinel":1,"minecraft:smooth_sandstone_stairs":1,"create:raw_zinc":3,"graveyard:dark_iron_door":4,"minecraft:prismarine_bricks":3,"undead_revamp2:huntereye":1,"crystalcraft_unlimited_java:raw_molybdenum":2,"minecraft:wither_skeleton_skull":1,"minecraft:lapis_lazuli":307,"minecraft:dirt":5,"crystalcraft_unlimited_java:grandidierite":1,"born_in_chaos_v1:monster_skin":6,"crystalcraft_unlimited_java:aquamarine":1,"minecraft:bone":193,"crystalcraft_unlimited_java:raw_technetium":1,"minecraft:bow":1,"minecraft:wheat_seeds":12,"minecraft:orange_tulip":3,"aether:holystone":396,"create_new_age:magnetite_block":1,"minecraft:raw_gold":2,"minecraft:cobbled_deepslate_slab":1,"minecraft:grindstone":2,"minecraft:mossy_stone_bricks":7,"minecraft:fletching_table":1,"minecraft:prismarine":80,"minecraft:oak_planks":20,"crystalcraft_unlimited_java:matizium_armor_boots":1,"regions_unexplored:mycotoxic_mushrooms":5,"minecraft:cooked_porkchop":78,"graveyard:bone_dagger":1,"minecraft:axolotl_bucket":1,"crystalcraft_unlimited_java:onyx":1,"minecraft:sand":131,"crystalcraft_unlimited_java:palintinium":32,"minecraft:jungle_planks":13,"sons_of_sins:flesh_of_demise":1,"minecraft:mossy_cobblestone":4,"undead_revamp2:acidsack":1,"minecraft:dark_prismarine":279,"minecraft:spruce_fence_gate":2,"born_in_chaos_v1:fire_dust":1,"minecraft:diamond":72,"waystones:waystone":3,"aether:ambrosium_shard":1,"minecraft:crossbow":7,"minecraft:white_concrete":5,"minecraft:spruce_sign":2,"minecraft:emerald":333,"minecraft:oak_sapling":24,"minecraft:netherrack":1275,"minecraft:andesite_slab":1,"endrem:magical_eye":1,"undead_revamp2:bostroxingot":2,"born_in_chaos_v1:diamond_termite_shard":3,"regions_unexplored:mycotoxic_grass":7,"artifacts:night_vision_goggles":3,"minecraft:chicken":10,"minecraft:ladder":2,"minecraft:chest_minecart":1,"crystalcraft_unlimited_java:raw_silicon":1,"minecraft:pink_wool":1,"minecraft:gold_block":1,"minecraft:chain":1,"minecraft:shield":1,"crystalcraft_unlimited_java:angerites_armor_chestplate":1,"minecraft:moss_carpet":2,"minecraft:iron_axe":1,"crystalcraft_unlimited_java:tanzanite":1,"minecraft:cyan_carpet":6,"minecraft:blackstone":320,"graveyard:corruption":103,"crystalcraft_unlimited_java:brickerite":1,"minecraft:oak_boat":5,"alexsmobs:elastic_tendon":2,"crystalcraft_unlimited_java:prism_sword":3,"minecraft:observer":1,"minecraft:light_gray_wool":1,"minecraft:sugar_cane":18,"minecraft:stripped_crimson_hyphae":1,"minecraft:raw_iron":71,"crystalcraft_unlimited_java:australian_sapphire":1,"minecraft:polished_blackstone_bricks":68,"minecraft:stone_button":2,"minecraft:arrow":329,"artifacts:cowboy_hat":1,"regions_unexplored:redstone_bulb":1,"minecraft:jungle_stairs":2,"alexscaves:spelunkery_table":1,"artifacts:cross_necklace":2,"minecraft:saddle":3,"minecraft:wet_sponge":1,"minecraft:cracked_deepslate_tiles":335,"regions_unexplored:peat_dirt":1,"born_in_chaos_v1:corpse_maggot":12,"minecraft:dark_oak_button":1,"minecraft:basalt":8,"regions_unexplored:hanging_prismarite":11,"artifacts:digging_claws":4,"minecraft:glow_ink_sac":12,"crystalcraft_unlimited_java:raw_chrome":3,"minecraft:cut_sandstone":4,"minecraft:leather":84,"regions_unexplored:meadow_sage":1,"oceansdelight:guardian":20,"crystalcraft_unlimited_java:titanium":13,"minecraft:yellow_bed":2,"minecraft:gunpowder":11,"crystalcraft_unlimited_java:matizium":80,"regions_unexplored:tassel":1,"minecraft:cooked_mutton":60,"minecraft:coast_armor_trim_smithing_template":2,"minecraft:heart_of_the_sea":1,"minecraft:spruce_wood":4,"minecraft:iron_ingot":18,"born_in_chaos_v1:fel_lamp":1,"minecraft:polished_andesite_slab":2,"minecraft:sculk_catalyst":2,"minecraft:book":340,"moredelight:loaded_hamburger":32,"regions_unexplored:eucalyptus_sapling":4,"minecraft:quartz":1,"born_in_chaos_v1:dark_rod":2,"minecraft:red_banner":1,"minecraft:blast_furnace":4,"minecraft:white_bed":13,"crystalcraft_unlimited_java:sunstone":2,"celestial_artifacts:guardian_eye":1,"minecraft:spider_eye":12,"crystalcraft_unlimited_java:rainbow_axe_2":3,"usefulbackpacks:backpack_large":1,"undead_revamp2:chiseleddripstoneblock":1,"minecraft:stripped_jungle_log":2,"undead_revamp2:rawbostrox":9,"crystalcraft_unlimited_java:rose_quartz":5,"minecraft:pumpkin_seeds":20,"crystalcraft_unlimited_java:olivine":5,"minecraft:black_wool":2,"minecraft:dark_oak_wood":28,"minecraft:coal":151}},"DataVersion":3465}