{"stats":{"minecraft:picked_up":{"minecraft:crafting_table":1,"minecraft:feather":7,"minecraft:chicken":9,"minecraft:leather":2,"minecraft:brown_wool":1,"doggytalents:rice_grains":1,"minecraft:gold_block":1,"crystalcraft_unlimited_java:spinel":1,"crystalcraft_unlimited_java:matizium":2,"crystalcraft_unlimited_java:grandidierite":1,"minecraft:bone":4,"crystalcraft_unlimited_java:raw_technetium":1,"minecraft:wheat_seeds":2,"minecraft:cobbled_deepslate":2,"minecraft:beef":8,"crystalcraft_unlimited_java:chalcanthite":1,"minecraft:egg":6,"minecraft:raw_iron":10,"minecraft:porkchop":8,"crystalcraft_unlimited_java:palintinium":5,"minecraft:redstone":10,"minecraft:arrow":3,"butcher:butchersguidebook":1,"minecraft:black_wool":1,"minecraft:mutton":21,"minecraft:coal":27,"minecraft:white_wool":12,"minecraft:cobblestone":1},"minecraft:custom":{"minecraft:interact_with_furnace":2,"minecraft:mob_kills":43,"minecraft:interact_with_crafting_table":4,"minecraft:damage_dealt_resisted":40,"minecraft:time_since_death":20506,"minecraft:sleep_in_bed":2,"minecraft:time_since_rest":0,"minecraft:sprint_one_cm":82360,"minecraft:damage_taken":473,"minecraft:walk_one_cm":47415,"minecraft:damage_blocked_by_shield":170,"minecraft:drop":5,"minecraft:damage_dealt":4054,"minecraft:swim_one_cm":5520,"minecraft:fly_one_cm":60943,"minecraft:open_chest":12,"minecraft:crouch_one_cm":6878,"minecraft:play_time":20506,"minecraft:sneak_time":2300,"minecraft:walk_under_water_one_cm":7335,"minecraft:jump":419,"minecraft:walk_on_water_one_cm":4249,"minecraft:total_world_time":20506,"minecraft:fall_one_cm":12737},"minecraft:dropped":{"minecraft:wheat_seeds":2,"spartanshields:wooden_basic_shield":1,"butcher:butchersguidebook":2},"minecraft:used":{"minecraft:water_bucket":6,"minecraft:stone_pickaxe":1,"minecraft:shield":6,"minecraft:iron_sword":93,"minecraft:crafting_table":2,"minecraft:white_bed":1,"minecraft:iron_pickaxe":52,"minecraft:cobblestone":5,"minecraft:bucket":7,"alexsmobs:animal_dictionary":1,"minecraft:cooked_beef":5},"minecraft:killed":{"minecraft:pig":4,"born_in_chaos_v1:maggot":4,"minecraft:sheep":14,"minecraft:skeleton":3,"minecraft:zombie":5,"minecraft:chicken":9,"minecraft:cow":3},"minecraft:mined":{"crystalcraft_unlimited_java:deepslate_spinel_ore":1,"minecraft:deepslate_redstone_ore":2,"crystalcraft_unlimited_java:deepslate_grand_ore":1,"crystalcraft_unlimited_java:deepslate_magnesium_ore":1,"minecraft:crafting_table":1,"crystalcraft_unlimited_java:palintinium_ore":5,"crystalcraft_unlimited_java:chalcanthite_ore":1,"crystalcraft_unlimited_java:deepslate_silver_ore":1,"crystalcraft_unlimited_java:deepslate_citrine_ore":1,"crystalcraft_unlimited_java:deepslate_zirconium_ore":1,"crystalcraft_unlimited_java:deepslate_tanzanite_ore":1,"crystalcraft_unlimited_java:deepslate_sapphire_ore":1,"crystalcraft_unlimited_java:deepslate_matizium_ore":2,"minecraft:iron_ore":1,"minecraft:deepslate_lapis_ore":1,"minecraft:gold_block":1,"minecraft:grass":2,"minecraft:coal_ore":19,"minecraft:deepslate_iron_ore":7,"crystalcraft_unlimited_java:deepslate_chrysolite_ore":1,"minecraft:stone":1,"crystalcraft_unlimited_java:deepslate_technetium_ore":1,"minecraft:oak_leaves":6,"minecraft:deepslate":3},"minecraft:crafted":{"minecraft:crafting_table":1,"minecraft:bucket":1,"minecraft:air":0,"minecraft:shield":1,"minecraft:stick":4,"minecraft:iron_ingot":19,"minecraft:iron_pickaxe":1,"minecraft:white_bed":1}},"DataVersion":3465}