{"stats":{"minecraft:custom":{"spartanshields:shield_bash_hits":1,"minecraft:interact_with_furnace":4,"minecraft:mob_kills":82,"minecraft:interact_with_crafting_table":15,"minecraft:damage_dealt_resisted":1381,"minecraft:leave_game":1,"minecraft:time_since_death":11172,"minecraft:sleep_in_bed":2,"minecraft:time_since_rest":11189,"minecraft:sprint_one_cm":112747,"minecraft:damage_taken":3370,"minecraft:walk_one_cm":95066,"minecraft:damage_blocked_by_shield":600,"minecraft:drop":30,"minecraft:damage_dealt":11575,"minecraft:swim_one_cm":46421,"minecraft:fly_one_cm":110096,"minecraft:open_chest":12,"minecraft:crouch_one_cm":13453,"minecraft:play_time":63206,"minecraft:sneak_time":5314,"minecraft:deaths":7,"minecraft:walk_under_water_one_cm":46133,"minecraft:jump":955,"minecraft:walk_on_water_one_cm":42054,"minecraft:total_world_time":63206,"minecraft:fall_one_cm":27072},"minecraft:killed_by":{"undead_revamp2:therod":1,"alexsmobs:centipede_head":2,"minecraft:creeper":1,"minecraft:zombie":2},"minecraft:used":{"minecraft:cooked_mutton":11,"minecraft:water_bucket":9,"crystalcraft_unlimited_java:matizium_pickaxe":139,"crystalcraft_unlimited_java:matizium_sword":60,"minecraft:stone_pickaxe":1,"minecraft:shield":20,"minecraft:iron_sword":133,"minecraft:torch":9,"minecraft:crafting_table":4,"minecraft:white_bed":1,"minecraft:tuff":2,"minecraft:iron_pickaxe":251,"minecraft:cobblestone":35,"minecraft:sweet_berries":11,"minecraft:furnace":1,"crystalcraft_unlimited_java:palintinium_armor_helmet":1,"minecraft:bucket":10,"alexsmobs:animal_dictionary":1,"minecraft:cooked_beef":6},"minecraft:crafted":{"crystalcraft_unlimited_java:obsidian_stick":3,"minecraft:iron_nugget":9,"minecraft:crafting_table":3,"crystalcraft_unlimited_java:palintinium_armor_helmet":1,"minecraft:furnace":1,"minecraft:bucket":1,"minecraft:cooked_mutton":21,"minecraft:air":0,"minecraft:shield":1,"crystalcraft_unlimited_java:iron_stick":3,"minecraft:stick":4,"crystalcraft_unlimited_java:matizium_pickaxe":1,"crystalcraft_unlimited_java:matizium_sword":1,"minecraft:iron_ingot":19,"minecraft:iron_pickaxe":1,"minecraft:white_bed":1,"crystalcraft_unlimited_java:obsidian_shard":9,"minecraft:torch":8},"minecraft:mined":{"crystalcraft_unlimited_java:deepslate_spinel_ore":1,"minecraft:deepslate_redstone_ore":2,"crystalcraft_unlimited_java:deepslate_prism_ore":1,"minecraft:tuff":5,"minecraft:deepslate_diamond_ore":4,"crystalcraft_unlimited_java:deepslate_grand_ore":1,"crystalcraft_unlimited_java:deepslate_magnesium_ore":1,"minecraft:crafting_table":1,"gravestone:gravestone":6,"crystalcraft_unlimited_java:palintinium_ore":5,"crystalcraft_unlimited_java:chalcanthite_ore":1,"minecraft:cobblestone":5,"crystalcraft_unlimited_java:deepslate_silver_ore":1,"minecraft:wall_torch":2,"crystalcraft_unlimited_java:deepslate_citrine_ore":1,"crystalcraft_unlimited_java:deepslate_zirconium_ore":1,"crystalcraft_unlimited_java:deepslate_titanium_ore":3,"crystalcraft_unlimited_java:deepslate_tanzanite_ore":1,"crystalcraft_unlimited_java:deepslate_sapphire_ore":1,"crystalcraft_unlimited_java:deepslate_matizium_ore":5,"minecraft:iron_ore":1,"minecraft:deepslate_lapis_ore":1,"minecraft:gold_block":1,"minecraft:grass":2,"minecraft:coal_ore":19,"minecraft:deepslate_iron_ore":7,"crystalcraft_unlimited_java:deepslate_chrysolite_ore":1,"minecraft:stone":1,"crystalcraft_unlimited_java:deepslate_technetium_ore":1,"minecraft:oak_leaves":6,"minecraft:deepslate":319},"minecraft:killed":{"born_in_chaos_v1:spiritof_chaos":1,"born_in_chaos_v1:mr_pumpkin":2,"minecraft:pig":4,"undead_revamp2:the_moonflower":1,"minecraft:spider":1,"alexsmobs:murmur":1,"born_in_chaos_v1:decrepit_skeleton":2,"born_in_chaos_v1:maggot":7,"minecraft:sheep":14,"minecraft:skeleton":11,"undead_revamp2:thebidyupside":2,"undead_revamp2:thesomnolence":1,"born_in_chaos_v1:decaying_zombie":1,"minecraft:zombie":17,"born_in_chaos_v1:dread_hound":1,"minecraft:chicken":9,"undead_revamp2:thepregnant":1,"born_in_chaos_v1:door_knight":1,"minecraft:cow":3},"minecraft:broken":{"minecraft:iron_pickaxe":1},"minecraft:dropped":{"minecraft:wheat_seeds":2,"minecraft:cobbled_deepslate":44,"alexsmobs:animal_dictionary":1,"minecraft:tuff":4,"minecraft:cobblestone":1,"minecraft:rotten_flesh":8,"spartanshields:wooden_basic_shield":1,"crystalcraft_unlimited_java:tanzanite":1,"butcher:butchersguidebook":2,"born_in_chaos_v1:corpse_maggot":1,"gravestone:obituary":6,"minecraft:stone_pickaxe":1,"minecraft:string":1,"minecraft:white_wool":9,"minecraft:egg":12,"minecraft:black_wool":1,"minecraft:bone":8},"minecraft:picked_up":{"born_in_chaos_v1:corpse_maggot":1,"minecraft:crafting_table":1,"minecraft:feather":7,"minecraft:chicken":9,"minecraft:glow_ink_sac":6,"born_in_chaos_v1:seedof_chaos":1,"minecraft:brown_wool":1,"minecraft:leather":2,"doggytalents:rice_grains":1,"minecraft:gold_block":1,"crystalcraft_unlimited_java:titanium":3,"crystalcraft_unlimited_java:spinel":1,"minecraft:tuff":9,"gravestone:obituary":2,"crystalcraft_unlimited_java:matizium":5,"minecraft:string":3,"crystalcraft_unlimited_java:grandidierite":1,"crystalcraft_unlimited_java:tanzanite":1,"minecraft:bone":23,"crystalcraft_unlimited_java:raw_technetium":1,"minecraft:wheat_seeds":2,"minecraft:cobbled_deepslate":138,"minecraft:iron_ingot":1,"minecraft:beef":8,"alexsmobs:elastic_tendon":2,"crystalcraft_unlimited_java:chalcanthite":1,"minecraft:egg":18,"minecraft:raw_iron":10,"born_in_chaos_v1:ethereal_spirit":1,"minecraft:torch":2,"minecraft:porkchop":8,"crystalcraft_unlimited_java:prism":1,"crystalcraft_unlimited_java:palintinium":5,"minecraft:redstone":10,"minecraft:spider_eye":1,"minecraft:slime_ball":6,"minecraft:arrow":12,"minecraft:rotten_flesh":30,"minecraft:diamond":4,"butcher:butchersguidebook":1,"minecraft:black_wool":1,"minecraft:mutton":21,"minecraft:coal":27,"minecraft:white_wool":21,"minecraft:cobblestone":7}},"DataVersion":3465}