{"stats":{"minecraft:picked_up":{"born_in_chaos_v1:corpse_maggot":1,"minecraft:crafting_table":1,"minecraft:feather":7,"minecraft:chicken":9,"minecraft:leather":2,"minecraft:brown_wool":1,"doggytalents:rice_grains":1,"minecraft:gold_block":1,"crystalcraft_unlimited_java:spinel":1,"minecraft:tuff":8,"gravestone:obituary":2,"crystalcraft_unlimited_java:matizium":4,"minecraft:string":1,"crystalcraft_unlimited_java:grandidierite":1,"crystalcraft_unlimited_java:tanzanite":1,"minecraft:bone":6,"crystalcraft_unlimited_java:raw_technetium":1,"minecraft:wheat_seeds":2,"minecraft:cobbled_deepslate":3,"minecraft:beef":8,"crystalcraft_unlimited_java:chalcanthite":1,"minecraft:egg":6,"minecraft:raw_iron":10,"crystalcraft_unlimited_java:prism":1,"minecraft:porkchop":8,"crystalcraft_unlimited_java:palintinium":5,"minecraft:redstone":10,"minecraft:arrow":5,"minecraft:rotten_flesh":4,"minecraft:diamond":2,"butcher:butchersguidebook":1,"minecraft:coal":27,"minecraft:black_wool":1,"minecraft:mutton":21,"minecraft:white_wool":12,"minecraft:cobblestone":3},"minecraft:custom":{"minecraft:interact_with_furnace":4,"minecraft:mob_kills":50,"minecraft:interact_with_crafting_table":7,"minecraft:damage_dealt_resisted":93,"minecraft:leave_game":1,"minecraft:time_since_death":375,"minecraft:sleep_in_bed":2,"minecraft:time_since_rest":11401,"minecraft:sprint_one_cm":92742,"minecraft:damage_taken":2082,"minecraft:walk_one_cm":61311,"minecraft:damage_blocked_by_shield":445,"minecraft:drop":17,"minecraft:damage_dealt":5244,"minecraft:swim_one_cm":38425,"minecraft:fly_one_cm":79206,"minecraft:open_chest":12,"minecraft:crouch_one_cm":9838,"minecraft:play_time":50803,"minecraft:deaths":5,"minecraft:sneak_time":3685,"minecraft:walk_under_water_one_cm":41387,"minecraft:jump":609,"minecraft:walk_on_water_one_cm":28053,"minecraft:total_world_time":50803,"minecraft:fall_one_cm":17657},"minecraft:dropped":{"minecraft:wheat_seeds":2,"alexsmobs:animal_dictionary":1,"minecraft:tuff":4,"minecraft:rotten_flesh":1,"crystalcraft_unlimited_java:tanzanite":1,"spartanshields:wooden_basic_shield":1,"butcher:butchersguidebook":2,"born_in_chaos_v1:corpse_maggot":1,"gravestone:obituary":4,"minecraft:stone_pickaxe":1,"minecraft:string":1,"minecraft:black_wool":1},"minecraft:used":{"minecraft:water_bucket":8,"minecraft:stone_pickaxe":1,"minecraft:shield":15,"minecraft:iron_sword":116,"minecraft:torch":2,"minecraft:crafting_table":3,"minecraft:white_bed":1,"minecraft:tuff":2,"minecraft:iron_pickaxe":63,"minecraft:cobblestone":21,"minecraft:sweet_berries":11,"minecraft:furnace":1,"minecraft:bucket":9,"alexsmobs:animal_dictionary":1,"minecraft:cooked_beef":6},"minecraft:killed_by":{"undead_revamp2:therod":1,"alexsmobs:centipede_head":2,"minecraft:creeper":1},"minecraft:killed":{"minecraft:pig":4,"born_in_chaos_v1:maggot":6,"minecraft:sheep":14,"minecraft:skeleton":5,"minecraft:zombie":7,"minecraft:chicken":9,"minecraft:cow":3},"minecraft:mined":{"crystalcraft_unlimited_java:deepslate_prism_ore":1,"crystalcraft_unlimited_java:deepslate_spinel_ore":1,"minecraft:deepslate_redstone_ore":2,"minecraft:tuff":4,"minecraft:deepslate_diamond_ore":2,"crystalcraft_unlimited_java:deepslate_grand_ore":1,"crystalcraft_unlimited_java:deepslate_magnesium_ore":1,"minecraft:crafting_table":1,"gravestone:gravestone":4,"crystalcraft_unlimited_java:palintinium_ore":5,"crystalcraft_unlimited_java:chalcanthite_ore":1,"minecraft:cobblestone":2,"crystalcraft_unlimited_java:deepslate_silver_ore":1,"crystalcraft_unlimited_java:deepslate_citrine_ore":1,"crystalcraft_unlimited_java:deepslate_zirconium_ore":1,"crystalcraft_unlimited_java:deepslate_tanzanite_ore":1,"crystalcraft_unlimited_java:deepslate_sapphire_ore":1,"crystalcraft_unlimited_java:deepslate_matizium_ore":4,"minecraft:iron_ore":1,"minecraft:deepslate_lapis_ore":1,"minecraft:gold_block":1,"minecraft:grass":2,"minecraft:coal_ore":19,"minecraft:deepslate_iron_ore":7,"crystalcraft_unlimited_java:deepslate_chrysolite_ore":1,"minecraft:stone":1,"crystalcraft_unlimited_java:deepslate_technetium_ore":1,"minecraft:oak_leaves":6,"minecraft:deepslate":3},"minecraft:crafted":{"crystalcraft_unlimited_java:obsidian_stick":3,"minecraft:crafting_table":2,"minecraft:furnace":1,"minecraft:bucket":1,"minecraft:cooked_mutton":21,"minecraft:air":0,"minecraft:shield":1,"minecraft:stick":4,"minecraft:iron_ingot":19,"minecraft:iron_pickaxe":1,"minecraft:white_bed":1,"crystalcraft_unlimited_java:obsidian_shard":9,"minecraft:torch":8}},"DataVersion":3465}