{"stats":{"minecraft:custom":{"minecraft:interact_with_crafting_table":57,"minecraft:open_barrel":75,"goblintraders:trade_with_goblin":64,"minecraft:leave_game":13,"minecraft:time_since_death":2477,"minecraft:damage_blocked_by_shield":1060,"minecraft:play_time":571743,"minecraft:deaths":24,"minecraft:jump":13110,"minecraft:enchant_item":29,"minecraft:interact_with_furnace":88,"minecraft:traded_with_villager":60,"minecraft:sleep_in_bed":11,"minecraft:waystone_activated":8,"minecraft:damage_dealt":158957,"minecraft:interact_with_smithing_table":1,"minecraft:interact_with_anvil":5,"minecraft:damage_dealt_absorbed":120,"minecraft:sneak_time":51032,"minecraft:total_world_time":571743,"minecraft:time_since_rest":2712,"minecraft:swim_one_cm":110191,"minecraft:fly_one_cm":4843953,"minecraft:open_chest":167,"minecraft:fall_one_cm":377581,"minecraft:sprint_one_cm":1388757,"minecraft:drop":278,"minecraft:talked_to_villager":12,"minecraft:interact_with_brewingstand":2,"minecraft:walk_on_water_one_cm":109693,"minecraft:interact_with_loom":5,"minecraft:player_kills":1,"minecraft:crouch_one_cm":222458,"minecraft:mob_kills":776,"minecraft:damage_dealt_resisted":12389,"minecraft:climb_one_cm":43182,"minecraft:walk_one_cm":1478173,"minecraft:walk_under_water_one_cm":81535,"spartanshields:shield_bash_hits":1,"minecraft:interact_with_grindstone":8,"minecraft:damage_taken":22825,"minecraft:damage_absorbed":88},"minecraft:killed_by":{"minecraft:zombie":3,"minecraft:warden":1,"alexsmobs:centipede_head":2,"undead_revamp2:sucker":1,"aether:mimic":1,"minecraft:creeper":1,"aether:cockatrice":1,"minecraft:player":3,"undead_revamp2:therod":1},"minecraft:used":{"minecraft:cracked_deepslate_tiles":75,"minecraft:spruce_boat":1,"create:zinc_ore":2,"minecraft:sweet_berries":11,"minecraft:furnace":11,"crystalcraft_unlimited_java:matizium_sword":313,"minecraft:golden_apple":3,"minecraft:enchanting_table":1,"crystalcraft_unlimited_java:matizium_armor_boots":1,"minecraft:netherrack":308,"minecraft:torch":11,"minecraft:anvil":1,"crystalcraft_unlimited_java:catseye_ore":18,"minecraft:cobbled_deepslate":284,"born_in_chaos_v1:mint_ice_cream":1,"minecraft:water_bucket":55,"minecraft:fletching_table":1,"minecraft:polished_blackstone_bricks":53,"crystalcraft_unlimited_java:prism_hoe":11363,"minecraft:crafting_table":9,"minecraft:white_bed":6,"crystalcraft_unlimited_java:prism_sword":1066,"minecraft:iron_pickaxe":251,"minecraft:cobblestone":131,"minecraft:potion":1,"minecraft:porkchop":9,"minecraft:cooked_porkchop":52,"minecraft:shield":33,"minecraft:iron_sword":135,"aether:enchanted_berry":1,"minecraft:tuff":72,"minecraft:axolotl_bucket":13,"minecraft:written_book":1,"twilightforest:naga_trophy":1,"minecraft:stone_pickaxe":1,"minecraft:ender_pearl":20,"minecraft:diamond_axe":3,"minecraft:black_bed":2,"waystones:waystone":3,"minecraft:bread":30,"minecraft:blackstone_slab":1,"minecraft:grindstone":1,"minecraft:cobweb":4,"minecraft:experience_bottle":4,"crystalcraft_unlimited_java:matizium_pickaxe":9273,"minecraft:spruce_planks":55,"aether:healing_stone":1,"minecraft:dirt":17,"aether:ambrosium_shard":1,"minecraft:bookshelf":18,"crystalcraft_unlimited_java:prism_pickaxe":33968,"minecraft:golden_carrot":18,"crystalcraft_unlimited_java:palintinium_armor_helmet":1,"minecraft:cooked_beef":117,"aether:holystone":65,"minecraft:cooked_mutton":48,"crystalcraft_unlimited_java:rainbow_axe_2":305,"aether:skyroot_remedy_bucket":2,"aether:golden_parachute":8,"minecraft:bucket":77,"alexsmobs:animal_dictionary":1},"minecraft:crafted":{"crystalcraft_unlimited_java:rainbow_axe_2":1,"crystalcraft_unlimited_java:palintinium_armor_helmet":1,"waystones:waystone":1,"minecraft:bookshelf":29,"minecraft:cooked_mutton":31,"crystalcraft_unlimited_java:prism_bow":1,"crystalcraft_unlimited_java:matizium_sword":1,"minecraft:emerald":36,"minecraft:cooked_porkchop":33,"waystones:warp_stone":1,"usefulbackpacks:backpack_large":1,"minecraft:iron_pickaxe":1,"minecraft:iron_block":3,"minecraft:gold_ingot":99,"minecraft:iron_nugget":18,"minecraft:experience_bottle":4,"minecraft:spruce_boat":1,"minecraft:crossbow":12,"minecraft:enchanting_table":1,"sophisticatedbackpacks:gold_backpack":2,"minecraft:white_bed":2,"crystalcraft_unlimited_java:matizium_armor_boots":1,"minecraft:oak_planks":252,"crystalcraft_unlimited_java:prism_pickaxe":1,"minecraft:stone":4,"crystalcraft_unlimited_java:prism_sword":1,"minecraft:bow":12,"minecraft:chest":1,"minecraft:oak_button":4,"crystalcraft_unlimited_java:prism_hoe":2,"minecraft:stone_bricks":4,"minecraft:golden_boots":1,"sophisticatedbackpacks:backpack":1,"crystalcraft_unlimited_java:obsidian_stick":12,"minecraft:crafting_table":7,"minecraft:spruce_planks":12,"minecraft:birch_planks":306,"minecraft:shield":1,"sophisticatedbackpacks:diamond_backpack":2,"crystalcraft_unlimited_java:iron_stick":6,"minecraft:stick":1188,"minecraft:iron_ingot":79,"crystalcraft_unlimited_java:matizium_armor_chestplate":1,"crystalcraft_unlimited_java:matizium_armor_leggings":1,"minecraft:furnace":7,"crystalcraft_unlimited_java:matizium_pickaxe":1,"usefulbackpacks:backpack_medium":1,"sophisticatedbackpacks:iron_backpack":1,"minecraft:cooked_beef":109,"minecraft:bucket":8,"minecraft:air":0,"minecraft:raw_gold":54,"minecraft:anvil":1,"crystalcraft_unlimited_java:obsidian_shard":36,"minecraft:torch":8},"minecraft:mined":{"minecraft:dark_oak_planks":2,"crystalcraft_unlimited_java:zircon_ore":1,"twilightforest:cracked_etched_nagastone":2,"regions_unexplored:yellow_bioshroom_block":1,"minecraft:white_bed":5,"graveyard:pedestal":1,"crystalcraft_unlimited_java:rose_quartz_ore":5,"crystalcraft_unlimited_java:chrome_ore":5,"crystalcraft_unlimited_java:australian_sapphire_ore":4,"minecraft:obsidian":23,"minecraft:granite":356,"minecraft:deepslate_tile_wall":1,"born_in_chaos_v1:dark_metal_deposit":4,"minecraft:deepslate_bricks":15,"minecraft:chiseled_stone_bricks":1,"minecraft:spawner":37,"crystalcraft_unlimited_java:deepslate_citrine_ore":1,"graveyard:wither_skull_with_rib_cage":1,"minecraft:polished_blackstone_bricks":435,"minecraft:magma_block":70,"regions_unexplored:stone_bud":1,"crystalcraft_unlimited_java:deepslate_tanzanite_ore":1,"minecraft:mossy_cobblestone_stairs":2,"minecraft:fire":3,"undead_revamp2:altaractive":1,"minecraft:cobbled_deepslate":7,"crystalcraft_unlimited_java:deepslate_opal_ore":2,"minecraft:fletching_table":1,"crystalcraft_unlimited_java:pink_ruby_ore":2,"minecraft:deepslate_lapis_ore":2,"minecraft:enchanting_table":1,"minecraft:sculk_shrieker":7,"minecraft:cave_vines":2,"minecraft:polished_deepslate_slab":2,"minecraft:deepslate_brick_stairs":6,"crystalcraft_unlimited_java:sonoranite_ore":1,"graveyard:light_gray_urn":1,"regions_unexplored:tall_cobalt_earlight":1,"minecraft:crimson_nylium":7,"minecraft:amethyst_cluster":2,"crystalcraft_unlimited_java:deepslate_magnesium_ore":10,"born_in_chaos_v1:infected_deepslate_diamond_ore":3,"minecraft:blast_furnace":2,"regions_unexplored:peat_grass_block":1,"minecraft:dead_bush":3,"regions_unexplored:cobalt_roots":2,"undead_revamp2:chiseled_dripstonepillar":136,"crystalcraft_unlimited_java:deepslate_silver_ore":3,"minecraft:sugar_cane":3,"crystalcraft_unlimited_java:stibnite_ore":5,"crystalcraft_unlimited_java:rare_deepslate_sapphire_ore":2,"minecraft:amethyst_block":131,"crystalcraft_unlimited_java:iridium_ore":2,"crystalcraft_unlimited_java:deepslate_titanium_ore":8,"undead_revamp2:chiseleddripstoneblock":44,"crystalcraft_unlimited_java:deepslate_sapphire_ore":5,"minecraft:light_gray_stained_glass":1,"crystalcraft_unlimited_java:deepslate_black_opal_ore":3,"minecraft:lilac":1,"butcher:sulfurore":2,"minecraft:black_bed":2,"minecraft:grass":27,"crystalcraft_unlimited_java:indium_ore":3,"minecraft:smooth_basalt":232,"crystalcraft_unlimited_java:deepslate_technetium_ore":1,"regions_unexplored:mycotoxic_grass":2,"minecraft:deepslate":17219,"regions_unexplored:fireweed":1,"minecraft:deepslate_tiles":395,"crystalcraft_unlimited_java:deepslate_ametyst_ore":12,"minecraft:mossy_cobblestone":5,"crystalcraft_unlimited_java:deepslate_grand_ore":6,"minecraft:dark_oak_fence":2,"minecraft:spruce_fence":1,"crystalcraft_unlimited_java:deepslate_sugillite_ore":3,"born_in_chaos_v1:black_argillite":111,"crystalcraft_unlimited_java:deepslate_jade_ore":3,"minecraft:crimson_roots":1,"graveyard:tg_deepslate":8,"crystalcraft_unlimited_java:watermelon_tourmaline_ore":4,"regions_unexplored:maple_leaves":12,"minecraft:moss_block":6,"crystalcraft_unlimited_java:deepslate_platinum_ore":2,"minecraft:andesite":461,"crystalcraft_unlimited_java:deepslate_peridot_ore":18,"minecraft:mossy_stone_brick_stairs":4,"crystalcraft_unlimited_java:deepslate_aluminium_ore":3,"minecraft:vine":3,"crystalcraft_unlimited_java:bloodstone_ore":1,"regions_unexplored:ash_vent":5,"regions_unexplored:day_lily":1,"crystalcraft_unlimited_java:sunstone_ore":2,"aether:zanite_ore":2,"create_new_age:magnetite_block":8,"minecraft:cobbled_deepslate_wall":2,"crystalcraft_unlimited_java:sugillite_ore":2,"crystalcraft_unlimited_java:onyx_ore":1,"crystalcraft_unlimited_java:olivine_ore":4,"twilightforest:nagastone":12,"minecraft:tall_grass":22,"minecraft:copper_ore":3,"minecraft:deepslate_gold_ore":2,"crystalcraft_unlimited_java:deepslate_ruthenium_ore":1,"minecraft:cracked_deepslate_bricks":3,"crystalcraft_unlimited_java:deepslate_sardonyx_ore":7,"minecraft:diorite":108,"crystalcraft_unlimited_java:azurite_ore":2,"crystalcraft_unlimited_java:deepslate_ammolite_ore":5,"crystalcraft_unlimited_java:deepslate_matizium_ore":76,"minecraft:birch_leaves":3,"minecraft:gravel":12,"minecraft:dripstone_block":10,"minecraft:cobweb":39,"minecraft:spruce_fence_gate":1,"minecraft:stone_bricks":27,"crystalcraft_unlimited_java:yttrium_ore":2,"minecraft:chipped_anvil":1,"regions_unexplored:tassel":1,"crystalcraft_unlimited_java:deepslate_spinel_ore":2,"create:deepslate_zinc_ore":8,"crystalcraft_unlimited_java:deepslate_saphire_ore":1,"minecraft:spruce_planks":2,"minecraft:sculk_vein":1012,"minecraft:cave_vines_plant":3,"minecraft:budding_amethyst":2,"minecraft:grass_block":2,"minecraft:cracked_polished_blackstone_bricks":35,"crystalcraft_unlimited_java:palintinium_ore":53,"graveyard:dark_iron_door":4,"minecraft:purple_stained_glass_pane":2,"crystalcraft_unlimited_java:amethyst_ore":1,"minecraft:mud_bricks":55,"crystalcraft_unlimited_java:catseye_ore":8,"minecraft:gilded_blackstone":1,"minecraft:sculk_catalyst":32,"minecraft:iron_ore":47,"graveyard:leaning_wither_skeleton":1,"regions_unexplored:silver_birch_leaves":1,"minecraft:dark_oak_stairs":2,"crystalcraft_unlimited_java:prism_ore":7,"minecraft:iron_bars":4,"minecraft:azalea":1,"minecraft:spruce_slab":2,"crystalcraft_unlimited_java:matizium_ore":19,"crystalcraft_unlimited_java:deepslate_prism_ore":70,"minecraft:deepslate_redstone_ore":7,"crystalcraft_unlimited_java:peacock_topaz_ore":2,"aether:holystone":535,"crystalcraft_unlimited_java:deepslate_malachite_ore":2,"minecraft:blackstone":486,"crystalcraft_unlimited_java:deepslate_amber_ore":8,"minecraft:polished_deepslate_stairs":1,"minecraft:clay":3,"minecraft:light_gray_terracotta":4,"minecraft:mossy_cobblestone_wall":2,"minecraft:calcite":32,"minecraft:potted_warped_roots":1,"minecraft:nether_quartz_ore":1,"minecraft:cobblestone":317,"graveyard:skeleton_hand":1,"minecraft:grindstone":1,"minecraft:oak_planks":1,"crystalcraft_unlimited_java:labradorite_ore":2,"minecraft:iron_door":1,"minecraft:wall_torch":2,"crystalcraft_unlimited_java:deepslate_zirconium_ore":1,"minecraft:birch_log":79,"crystalcraft_unlimited_java:deepslate_rhodium_block":1,"minecraft:cracked_deepslate_tiles":139,"minecraft:oak_log":95,"crystalcraft_unlimited_java:deepslate_aquamarine_ore":2,"crystalcraft_unlimited_java:brickerite_ore":1,"minecraft:dirt":2,"crystalcraft_unlimited_java:deepslate_flourite_ore":3,"regions_unexplored:cobalt_nylium":18,"minecraft:tripwire_hook":1,"crystalcraft_unlimited_java:iris_agate_ore":1,"minecraft:ancient_debris":3,"minecraft:netherrack":2657,"minecraft:oak_leaves":7,"minecraft:tuff":2010,"minecraft:potted_wither_rose":1,"minecraft:deepslate_diamond_ore":103,"minecraft:blackstone_wall":2,"crystalcraft_unlimited_java:deepslate_topaz_ore":3,"gravestone:gravestone":15,"minecraft:ladder":2,"crystalcraft_unlimited_java:chalcanthite_ore":10,"minecraft:polished_andesite_slab":2,"crystalcraft_unlimited_java:tin_ore":2,"minecraft:spruce_leaves":9,"crystalcraft_unlimited_java:titanium_ore":1,"minecraft:large_fern":3,"minecraft:deepslate_brick_slab":1,"minecraft:furnace":6,"minecraft:polished_basalt":17,"crystalcraft_unlimited_java:molybdenum_ore":4,"twilightforest:naga_trophy":1,"minecraft:stripped_spruce_log":1,"minecraft:chiseled_deepslate":1,"minecraft:gold_block":1,"minecraft:bookshelf":74,"minecraft:deepslate_iron_ore":18,"crystalcraft_unlimited_java:deepslate_tourmaline_ore":4,"minecraft:stripped_oak_log":4,"regions_unexplored:medium_grass":4,"crystalcraft_unlimited_java:amber_ore":1,"minecraft:stone":16268,"regions_unexplored:redstone_bulb":1,"minecraft:infested_stone_bricks":1,"minecraft:basalt":111,"regions_unexplored:mycotoxic_moss":17,"crystalcraft_unlimited_java:deepslate_ruby_ore":2,"minecraft:crafting_table":4,"crystalcraft_unlimited_java:deepslate_uranium_ore":3,"undead_revamp2:bostrokestone":2,"minecraft:blackstone_slab":4,"crystalcraft_unlimited_java:deepslate_cadmium_ore":3,"minecraft:andesite_slab":1,"minecraft:sculk_sensor":126,"crystalcraft_unlimited_java:holmium_ore":3,"minecraft:lapis_ore":8,"minecraft:polished_blackstone_brick_stairs":3,"minecraft:sculk":10232,"crystalcraft_unlimited_java:lithium_ore":1,"minecraft:birch_planks":5,"graveyard:skull_with_rib_cage":2,"minecraft:yellow_bed":1,"minecraft:coal_ore":79,"regions_unexplored:mycotoxic_mushrooms":1,"crystalcraft_unlimited_java:deepslate_chrysolite_ore":7,"minecraft:cracked_stone_bricks":19,"minecraft:small_dripleaf":1,"minecraft:mossy_stone_bricks":17,"minecraft:birch_fence":7},"minecraft:killed":{"born_in_chaos_v1:mr_pumpkin":5,"born_in_chaos_v1:restless_spirit":2,"born_in_chaos_v1:zombie_lumberjack":1,"born_in_chaos_v1:door_knight_not_despawn":1,"alexsmobs:murmur":1,"graveyard:wraith":49,"born_in_chaos_v1:siamese_skeletonsright":1,"creeperoverhaul:dripstone_creeper":1,"born_in_chaos_v1:baby_skeleton_minion":4,"undead_revamp2:theswarmer":3,"minecraft:skeleton":72,"graveyard:acolyte":21,"minecraft:chicken":11,"born_in_chaos_v1:skeleton_thrasher":2,"creeperoverhaul:cave_creeper":2,"alexsmobs:centipede_head":1,"aether:blue_swet":3,"undead_revamp2:thepregnant":1,"aether:moa":1,"minecraft:tropical_fish":1,"undead_revamp2:thespitter":2,"minecraft:iron_golem":2,"aether:sheepuff":2,"minecraft:pillager":3,"alexsmobs:flutter":1,"minecraft:zombie":97,"born_in_chaos_v1:corpse_fly":1,"born_in_chaos_v1:door_knight":4,"minecraft:cow":30,"undead_revamp2:thehunter":5,"aether:mimic":1,"graveyard:corrupted_vindicator":52,"alexsmobs:raccoon":1,"minecraft:vindicator":2,"born_in_chaos_v1:firelight":1,"minecraft:horse":1,"undead_revamp2:thebidy":1,"twilightforest:death_tome":1,"minecraft:warden":1,"born_in_chaos_v1:spiritof_chaos":3,"graveyard:ghoul":1,"undead_revamp2:the_moonflower":23,"born_in_chaos_v1:decrepit_skeleton":17,"undead_revamp2:thesomnolence":4,"born_in_chaos_v1:dark_vortex":1,"minecraft:enderman":1,"born_in_chaos_v1:zombie_clown":1,"graveyard:skeleton_creeper":1,"minecraft:spider":10,"undead_revamp2:thesmoker":5,"minecraft:bee":3,"undead_revamp2:therod":5,"minecraft:piglin_brute":1,"artifacts:mimic":5,"minecraft:piglin":3,"born_in_chaos_v1:bonescaller":2,"minecraft:pig":27,"minecraft:zombie_villager":7,"born_in_chaos_v1:diamond_termite":6,"minecraft:creeper":20,"aether:phyg":2,"alexsmobs:crimson_mosquito":1,"minecraft:sheep":35,"undead_revamp2:theordure":1,"undead_revamp2:thebidyupside":2,"aether:zephyr":1,"born_in_chaos_v1:dread_hound":5,"minecraft:stray":1,"undead_revamp2:theskeeper":1,"alexsmobs:fly":1,"graveyard:corrupted_pillager":41,"born_in_chaos_v1:siamese_skeletonsleft":1,"undead_revamp2:bigsucker":7,"born_in_chaos_v1:missioner":1,"undead_revamp2:thegliter":3,"born_in_chaos_v1:zombie_clown_not_despawn":1,"undead_revamp2:neocrorines":1,"undead_revamp2:thedungeon":1,"minecraft:slime":3,"born_in_chaos_v1:zombie_bruiser":7,"born_in_chaos_v1:maggot":40,"minecraft:phantom":1,"twilightforest:naga":1,"cataclysm:lionfish":1,"minecraft:drowned":1,"alexsmobs:bison":11,"undead_revamp2:thehorrors":1,"aether:aerbunny":1,"undead_revamp2:sucker":35,"cataclysm:nameless_sorcerer":1,"born_in_chaos_v1:baby_skeleton":2,"minecraft:hoglin":2,"aether:flying_cow":1,"born_in_chaos_v1:decaying_zombie":3,"sons_of_sins:betrayed_guzzler":3,"born_in_chaos_v1:nightmare_stalker":1,"alexsmobs:crow":1,"born_in_chaos_v1:decaying_zombie_not_despawn":1},"minecraft:broken":{"minecraft:golden_boots":1,"aether:zanite_pendant":1,"minecraft:iron_pickaxe":1},"minecraft:dropped":{"sophisticatedbackpacks:iron_backpack":1,"crystalcraft_unlimited_java:amethyst":2,"minecraft:iron_sword":1,"minecraft:glow_ink_sac":6,"crystalcraft_unlimited_java:sapphire":1,"minecraft:glass_bottle":1,"minecraft:diamond":11,"minecraft:cooked_porkchop":1,"minecraft:orange_tulip":1,"crystalcraft_unlimited_java:catseye_ore":2,"crystalcraft_unlimited_java:prism":10,"minecraft:dragon_breath":2,"crystalcraft_unlimited_java:radium_armor_leggings":1,"spartanshields:wooden_basic_shield":1,"minecraft:emerald":1,"minecraft:dirt":1,"crystalcraft_unlimited_java:mythril_sword":1,"minecraft:cracked_deepslate_tiles":53,"minecraft:iron_pickaxe":1,"undead_revamp2:blacpetalblock":1,"minecraft:white_wool":10,"artifacts:cowboy_hat":1,"sons_of_sins:flesh_of_demise":1,"minecraft:bone":70,"crystalcraft_unlimited_java:prism_hoe":1,"minecraft:polished_andesite_slab":2,"minecraft:cobbled_deepslate":1899,"alexsmobs:animal_dictionary":1,"minecraft:wheat":2,"minecraft:obsidian":12,"undead_revamp2:arapholia":1,"minecraft:rotten_flesh":85,"minecraft:oak_planks":6,"crystalcraft_unlimited_java:matizium_armor_helmet":2,"minecraft:white_bed":1,"minecraft:deepslate_tiles":1,"crystalcraft_unlimited_java:stibnite":2,"regions_unexplored:hanging_prismarite":1,"crystalcraft_unlimited_java:radium_armor_helmet":1,"minecraft:painting":1,"crystalcraft_unlimited_java:matizium_sword":1,"minecraft:egg":12,"minecraft:enchanted_book":3,"moredelight:loaded_hamburger":32,"minecraft:wheat_seeds":2,"minecraft:feather":8,"minecraft:cobblestone":2442,"minecraft:book":1,"regions_unexplored:tassel":1,"graveyard:bone_dagger":1,"crystalcraft_unlimited_java:prism_sword":2,"crystalcraft_unlimited_java:tanzanite":1,"minecraft:cobweb":2,"artifacts:plastic_drinking_hat":1,"minecraft:string":3,"crystalcraft_unlimited_java:chalcanthite":1,"minecraft:moss_carpet":2,"minecraft:clay_ball":4,"sophisticatedbackpacks:backpack":1,"minecraft:spruce_fence":2,"aether:zanite_pendant":1,"butcher:butchersguidebook":2,"crystalcraft_unlimited_java:catseye":7,"minecraft:piglin_banner_pattern":1,"minecraft:spruce_planks":56,"minecraft:stone_bricks":1,"minecraft:spider_eye":4,"crystalcraft_unlimited_java:matizium_pickaxe":1,"minecraft:black_wool":1,"minecraft:spruce_sign":2,"minecraft:moss_block":16,"minecraft:diamond_axe":1,"crystalcraft_unlimited_java:obsidian_stick":1,"minecraft:leather":3,"twilightforest:naga_scale":1,"minecraft:crimson_roots":1,"gravestone:obituary":29,"minecraft:axolotl_bucket":1,"minecraft:polished_blackstone_bricks":34,"spartanshields:diamond_tower_shield":1,"undead_revamp2:chiseleddripstoneblock":1,"minecraft:blackstone":64,"minecraft:carrot":1,"minecraft:gunpowder":5,"born_in_chaos_v1:corpse_maggot":3,"create:zinc_ore":1,"minecraft:basalt":6,"minecraft:arrow":13,"minecraft:netherrack":310,"minecraft:enchanting_table":1,"minecraft:water_bucket":2,"minecraft:bread":2,"crystalcraft_unlimited_java:xernium_pickaxe":1,"crystalcraft_unlimited_java:olivine":2,"crystalcraft_unlimited_java:raw_molybdenum":1,"minecraft:bookshelf":15,"minecraft:stick":4,"aether:poison_dart":4,"aether:enchanted_dart":8,"minecraft:deepslate_brick_stairs":2,"minecraft:torch":55,"minecraft:brown_wool":1,"minecraft:iron_door":1,"crystalcraft_unlimited_java:radium_armor_boots":1,"minecraft:cactus":3,"alexsmobs:maggot":2,"minecraft:tuff":169,"minecraft:raw_iron":6,"crystalcraft_unlimited_java:radium_armor_chestplate":1,"minecraft:andesite":1,"minecraft:mossy_stone_bricks":1,"aether:holystone":103,"artifacts:cross_necklace":1,"minecraft:stone_pickaxe":1,"crystalcraft_unlimited_java:matizium":30},"minecraft:picked_up":{"minecraft:iron_chestplate":2,"minecraft:lead":1,"twilightforest:naga_trophy":1,"minecraft:enchanted_book":4,"crystalcraft_unlimited_java:labradorite":1,"crystalcraft_unlimited_java:radium_armor_boots":1,"minecraft:string":60,"crystalcraft_unlimited_java:catseye":7,"minecraft:cobbled_deepslate":3368,"minecraft:spruce_planks":267,"spartanshields:diamond_tower_shield":1,"crystalcraft_unlimited_java:sonoranite":1,"undead_revamp2:suckermemebrane":15,"minecraft:polished_blackstone_brick_slab":2,"crystalcraft_unlimited_java:matizium_pickaxe":1,"crystalcraft_unlimited_java:raw_aluminium":3,"alexsmobs:centipede_leg":1,"aether:zanite_pendant":1,"aether:chainmail_gloves":2,"minecraft:bookshelf":4,"crystalcraft_unlimited_java:mythril_sword":1,"minecraft:iron_bars":4,"minecraft:birch_log":83,"minecraft:magma_block":13,"minecraft:feather":11,"minecraft:cooked_beef":15,"minecraft:iron_door":1,"minecraft:water_bucket":1,"minecraft:brown_wool":1,"alexsmobs:bison_fur":22,"regions_unexplored:cobalt_roots":2,"celestial_core:warden_sclerite":1,"minecraft:chipped_anvil":1,"undead_revamp2:blacpetalblock":1,"artifacts:antidote_vessel":2,"minecraft:moss_block":16,"crystalcraft_unlimited_java:chalcanthite":4,"minecraft:honeycomb":1,"crystalcraft_unlimited_java:stibnite":5,"crystalcraft_unlimited_java:prism":37,"celestial_artifacts:fang_necklace":3,"aether:zanite_gemstone":3,"minecraft:stripped_spruce_log":1,"sophisticatedbackpacks:iron_backpack":1,"cataclysm:lionfish":1,"butcher:sulfur":2,"butcher:butchersguidebook":1,"minecraft:granite":57,"aether:swet_ball":2,"minecraft:chainmail_helmet":1,"minecraft:bread":19,"alexsmobs:maggot":3,"aether:blue_aercloud":3,"minecraft:dark_oak_fence":2,"minecraft:crimson_roots":3,"minecraft:crafting_table":6,"minecraft:clay_ball":4,"born_in_chaos_v1:seedof_chaos":1,"gravestone:obituary":12,"aether:poison_dart":8,"born_in_chaos_v1:intoxicating_decoction":2,"minecraft:beef":226,"born_in_chaos_v1:gnawed_bones":1,"minecraft:chest":1,"minecraft:birch_sapling":10,"crystalcraft_unlimited_java:sapphire":1,"minecraft:egg":19,"regions_unexplored:day_lily":1,"crystalcraft_unlimited_java:raw_iridium":1,"sophisticatedbackpacks:backpack":1,"minecraft:spruce_fence":4,"born_in_chaos_v1:pieceofdarkmetal":14,"minecraft:carrot":2,"minecraft:redstone":16,"crystalcraft_unlimited_java:amethyst":6,"born_in_chaos_v1:charmof_fury":1,"crystalcraft_unlimited_java:xernium_pickaxe":1,"minecraft:deepslate_bricks":7,"artifacts:snowshoes":4,"minecraft:cracked_deepslate_bricks":2,"crystalcraft_unlimited_java:peacock_topaz":2,"undead_revamp2:wincallerfan":1,"minecraft:mutton":36,"minecraft:white_wool":38,"minecraft:rail":2,"minecraft:stripped_oak_log":4,"minecraft:tripwire_hook":1,"minecraft:blackstone_slab":1,"doggytalents:rice_grains":4,"minecraft:oak_log":69,"minecraft:ancient_debris":3,"minecraft:apple":6,"minecraft:stone_bricks":1,"born_in_chaos_v1:smoked_flesh":4,"crystalcraft_unlimited_java:angerites_armor_boots":1,"minecraft:cobweb":4,"crystalcraft_unlimited_java:chrysolite":3,"minecraft:iron_sword":1,"crystalcraft_unlimited_java:angerites_armor_leggings":1,"minecraft:dark_oak_stairs":2,"crystalcraft_unlimited_java:matizium_armor_leggings":1,"aether:enchanted_dart":16,"born_in_chaos_v1:ethereal_spirit":11,"crystalcraft_unlimited_java:bloodstone":7,"minecraft:spruce_log":2,"crystalcraft_unlimited_java:uranium":3,"minecraft:slime_ball":6,"aether:golden_ring":2,"minecraft:diamond_axe":1,"minecraft:painting":2,"crystalcraft_unlimited_java:sugillite":2,"crystalcraft_unlimited_java:raw_magnesium":3,"minecraft:ender_pearl":4,"minecraft:wheat":4,"crystalcraft_unlimited_java:raw_holmium":2,"crystalcraft_unlimited_java:amber":7,"minecraft:gilded_blackstone":1,"crystalcraft_unlimited_java:radium_armor_chestplate":1,"born_in_chaos_v1:black_argillite":1,"crystalcraft_unlimited_java:radium_armor_helmet":1,"minecraft:deepslate_tiles":9,"crystalcraft_unlimited_java:peridot":12,"minecraft:bucket":2,"born_in_chaos_v1:stimulating_decoction":2,"nethersdelight:hoglin_sirloin":5,"minecraft:iron_pickaxe":1,"crystalcraft_unlimited_java:radium_armor_leggings":1,"minecraft:deepslate_tile_wall":1,"crystalcraft_unlimited_java:angerites_armor_helmet":1,"minecraft:furnace":8,"minecraft:stick":30,"crystalcraft_unlimited_java:matizium_armor_helmet":3,"minecraft:polished_deepslate_stairs":1,"minecraft:torch":58,"crystalcraft_unlimited_java:matizium_armor_chestplate":1,"minecraft:porkchop":51,"undead_revamp2:shieldmask_helmet":2,"minecraft:cactus":3,"minecraft:rotten_flesh":197,"crystalcraft_unlimited_java:matizium_sword":1,"crystalcraft_unlimited_java:prism_pickaxe":1,"crystalcraft_unlimited_java:zircon_14":1,"aether:iron_ring":3,"minecraft:deepslate_brick_stairs":3,"minecraft:obsidian":23,"undead_revamp2:arapholia":2,"minecraft:cobblestone":2993,"minecraft:enchanting_table":1,"minecraft:andesite":1,"minecraft:black_bed":2,"crystalcraft_unlimited_java:iris_agate":1,"crystalcraft_unlimited_java:spinel":1,"minecraft:tuff":562,"create:raw_zinc":3,"crystalcraft_unlimited_java:raw_molybdenum":2,"undead_revamp2:huntereye":1,"graveyard:dark_iron_door":4,"minecraft:lapis_lazuli":153,"minecraft:dirt":4,"crystalcraft_unlimited_java:grandidierite":1,"crystalcraft_unlimited_java:aquamarine":1,"minecraft:bone":142,"crystalcraft_unlimited_java:raw_technetium":1,"minecraft:bow":1,"minecraft:orange_tulip":3,"minecraft:wheat_seeds":6,"aether:holystone":396,"minecraft:raw_gold":1,"create_new_age:magnetite_block":1,"minecraft:grindstone":1,"minecraft:mossy_stone_bricks":6,"minecraft:fletching_table":1,"minecraft:oak_planks":6,"crystalcraft_unlimited_java:matizium_armor_boots":1,"regions_unexplored:mycotoxic_mushrooms":5,"minecraft:cooked_porkchop":18,"graveyard:bone_dagger":1,"minecraft:axolotl_bucket":1,"crystalcraft_unlimited_java:onyx":1,"crystalcraft_unlimited_java:palintinium":32,"sons_of_sins:flesh_of_demise":1,"minecraft:mossy_cobblestone":1,"undead_revamp2:acidsack":1,"minecraft:spruce_fence_gate":2,"minecraft:diamond":72,"waystones:waystone":3,"aether:ambrosium_shard":1,"minecraft:spruce_sign":2,"minecraft:emerald":6,"minecraft:oak_sapling":24,"minecraft:netherrack":1275,"minecraft:andesite_slab":1,"born_in_chaos_v1:diamond_termite_shard":3,"regions_unexplored:mycotoxic_grass":7,"artifacts:night_vision_goggles":3,"minecraft:chicken":10,"minecraft:pink_wool":1,"minecraft:gold_block":1,"minecraft:shield":1,"crystalcraft_unlimited_java:angerites_armor_chestplate":1,"minecraft:moss_carpet":2,"crystalcraft_unlimited_java:tanzanite":1,"minecraft:blackstone":320,"graveyard:corruption":103,"crystalcraft_unlimited_java:brickerite":1,"alexsmobs:elastic_tendon":2,"crystalcraft_unlimited_java:prism_sword":2,"minecraft:sugar_cane":18,"minecraft:raw_iron":71,"crystalcraft_unlimited_java:australian_sapphire":1,"minecraft:polished_blackstone_bricks":68,"minecraft:stone_button":1,"minecraft:arrow":49,"artifacts:cowboy_hat":1,"regions_unexplored:redstone_bulb":1,"artifacts:cross_necklace":2,"minecraft:cracked_deepslate_tiles":188,"regions_unexplored:peat_dirt":1,"born_in_chaos_v1:corpse_maggot":5,"minecraft:basalt":8,"crystalcraft_unlimited_java:raw_chrome":3,"artifacts:digging_claws":3,"minecraft:glow_ink_sac":12,"minecraft:leather":40,"crystalcraft_unlimited_java:titanium":9,"minecraft:yellow_bed":1,"minecraft:gunpowder":10,"crystalcraft_unlimited_java:matizium":80,"regions_unexplored:tassel":1,"minecraft:cooked_mutton":17,"minecraft:iron_ingot":17,"minecraft:polished_andesite_slab":2,"minecraft:sculk_catalyst":2,"minecraft:book":271,"moredelight:loaded_hamburger":32,"minecraft:quartz":1,"born_in_chaos_v1:dark_rod":2,"minecraft:red_banner":1,"minecraft:blast_furnace":4,"minecraft:white_bed":5,"crystalcraft_unlimited_java:sunstone":2,"minecraft:spider_eye":4,"crystalcraft_unlimited_java:rainbow_axe_2":2,"usefulbackpacks:backpack_large":1,"undead_revamp2:chiseleddripstoneblock":1,"undead_revamp2:rawbostrox":8,"crystalcraft_unlimited_java:rose_quartz":5,"crystalcraft_unlimited_java:olivine":5,"minecraft:black_wool":2,"minecraft:coal":140}},"DataVersion":3465}