{"stats":{"minecraft:custom":{"minecraft:mob_kills":109,"minecraft:interact_with_crafting_table":15,"minecraft:damage_dealt_resisted":1411,"minecraft:leave_game":1,"minecraft:time_since_death":17172,"minecraft:sprint_one_cm":130714,"minecraft:walk_one_cm":117466,"minecraft:damage_blocked_by_shield":660,"minecraft:drop":30,"minecraft:play_time":69206,"minecraft:deaths":7,"minecraft:sneak_time":6334,"minecraft:walk_under_water_one_cm":47352,"minecraft:jump":1141,"minecraft:walk_on_water_one_cm":48633,"minecraft:total_world_time":69206,"minecraft:interact_with_furnace":4,"spartanshields:shield_bash_hits":1,"minecraft:sleep_in_bed":2,"minecraft:time_since_rest":17189,"minecraft:damage_taken":3618,"minecraft:damage_dealt":15576,"minecraft:swim_one_cm":46421,"minecraft:fly_one_cm":138398,"minecraft:open_chest":12,"minecraft:crouch_one_cm":15969,"minecraft:fall_one_cm":30755},"minecraft:killed_by":{"minecraft:creeper":1,"undead_revamp2:therod":1,"alexsmobs:centipede_head":2,"minecraft:zombie":2},"minecraft:used":{"crystalcraft_unlimited_java:matizium_pickaxe":165,"minecraft:shield":22,"minecraft:iron_sword":133,"minecraft:torch":11,"minecraft:tuff":2,"minecraft:sweet_berries":11,"minecraft:furnace":1,"crystalcraft_unlimited_java:palintinium_armor_helmet":1,"minecraft:cooked_beef":6,"minecraft:cooked_mutton":14,"minecraft:water_bucket":10,"crystalcraft_unlimited_java:matizium_sword":111,"minecraft:stone_pickaxe":1,"minecraft:crafting_table":4,"minecraft:white_bed":1,"minecraft:iron_pickaxe":251,"minecraft:cobblestone":61,"minecraft:bucket":11,"alexsmobs:animal_dictionary":1},"minecraft:crafted":{"minecraft:iron_nugget":9,"crystalcraft_unlimited_java:palintinium_armor_helmet":1,"minecraft:furnace":1,"minecraft:cooked_mutton":21,"crystalcraft_unlimited_java:matizium_pickaxe":1,"crystalcraft_unlimited_java:matizium_sword":1,"crystalcraft_unlimited_java:obsidian_stick":3,"minecraft:crafting_table":3,"minecraft:bucket":1,"minecraft:air":0,"minecraft:shield":1,"minecraft:stick":4,"crystalcraft_unlimited_java:iron_stick":3,"minecraft:iron_ingot":19,"minecraft:iron_pickaxe":1,"minecraft:white_bed":1,"crystalcraft_unlimited_java:obsidian_shard":9,"minecraft:torch":8},"minecraft:mined":{"crystalcraft_unlimited_java:deepslate_spinel_ore":1,"minecraft:tuff":5,"crystalcraft_unlimited_java:deepslate_grand_ore":1,"minecraft:deepslate_diamond_ore":4,"crystalcraft_unlimited_java:rose_quartz_ore":5,"crystalcraft_unlimited_java:chrome_ore":2,"gravestone:gravestone":6,"crystalcraft_unlimited_java:palintinium_ore":5,"crystalcraft_unlimited_java:chalcanthite_ore":1,"crystalcraft_unlimited_java:titanium_ore":1,"crystalcraft_unlimited_java:deepslate_citrine_ore":1,"crystalcraft_unlimited_java:deepslate_tanzanite_ore":1,"minecraft:iron_ore":1,"minecraft:deepslate_lapis_ore":1,"minecraft:gold_block":1,"minecraft:deepslate_iron_ore":7,"crystalcraft_unlimited_java:prism_ore":3,"minecraft:stone":5,"crystalcraft_unlimited_java:sonoranite_ore":1,"crystalcraft_unlimited_java:matizium_ore":2,"crystalcraft_unlimited_java:deepslate_prism_ore":1,"minecraft:deepslate_redstone_ore":2,"crystalcraft_unlimited_java:peacock_topaz_ore":2,"create_new_age:magnetite_block":1,"crystalcraft_unlimited_java:deepslate_magnesium_ore":1,"minecraft:crafting_table":1,"minecraft:cobblestone":5,"crystalcraft_unlimited_java:deepslate_silver_ore":1,"crystalcraft_unlimited_java:labradorite_ore":1,"crystalcraft_unlimited_java:lithium_ore":1,"crystalcraft_unlimited_java:stibnite_ore":1,"minecraft:wall_torch":2,"crystalcraft_unlimited_java:deepslate_zirconium_ore":1,"crystalcraft_unlimited_java:deepslate_titanium_ore":3,"crystalcraft_unlimited_java:deepslate_sapphire_ore":1,"crystalcraft_unlimited_java:deepslate_matizium_ore":5,"butcher:sulfurore":1,"minecraft:grass":2,"minecraft:coal_ore":19,"crystalcraft_unlimited_java:brickerite_ore":1,"crystalcraft_unlimited_java:deepslate_chrysolite_ore":1,"crystalcraft_unlimited_java:deepslate_technetium_ore":1,"minecraft:oak_leaves":6,"minecraft:deepslate":319},"minecraft:killed":{"born_in_chaos_v1:mr_pumpkin":2,"undead_revamp2:thegliter":1,"minecraft:spider":2,"alexsmobs:murmur":1,"born_in_chaos_v1:maggot":14,"minecraft:skeleton":15,"minecraft:chicken":10,"undead_revamp2:thebidy":1,"undead_revamp2:thepregnant":1,"born_in_chaos_v1:spiritof_chaos":1,"minecraft:pig":4,"graveyard:ghoul":1,"minecraft:zombie_villager":3,"undead_revamp2:the_moonflower":1,"born_in_chaos_v1:decrepit_skeleton":2,"minecraft:sheep":14,"undead_revamp2:thebidyupside":2,"undead_revamp2:thesomnolence":2,"born_in_chaos_v1:decaying_zombie":1,"minecraft:zombie":24,"born_in_chaos_v1:dread_hound":1,"born_in_chaos_v1:door_knight":1,"minecraft:cow":3},"minecraft:broken":{"minecraft:iron_pickaxe":1},"minecraft:dropped":{"minecraft:wheat_seeds":2,"minecraft:cobblestone":1,"crystalcraft_unlimited_java:tanzanite":1,"spartanshields:wooden_basic_shield":1,"gravestone:obituary":6,"minecraft:string":1,"minecraft:white_wool":9,"minecraft:bone":8,"alexsmobs:animal_dictionary":1,"minecraft:cobbled_deepslate":44,"minecraft:tuff":4,"minecraft:rotten_flesh":8,"butcher:butchersguidebook":2,"born_in_chaos_v1:corpse_maggot":1,"minecraft:stone_pickaxe":1,"minecraft:black_wool":1,"minecraft:egg":12},"minecraft:picked_up":{"minecraft:crafting_table":1,"minecraft:chicken":10,"born_in_chaos_v1:seedof_chaos":1,"minecraft:gold_block":1,"crystalcraft_unlimited_java:labradorite":1,"gravestone:obituary":2,"minecraft:string":4,"crystalcraft_unlimited_java:tanzanite":1,"graveyard:corruption":1,"minecraft:cobbled_deepslate":138,"crystalcraft_unlimited_java:brickerite":1,"minecraft:beef":8,"alexsmobs:elastic_tendon":2,"crystalcraft_unlimited_java:sonoranite":1,"minecraft:egg":18,"minecraft:raw_iron":10,"minecraft:torch":3,"minecraft:porkchop":8,"minecraft:redstone":10,"minecraft:rotten_flesh":40,"minecraft:arrow":13,"crystalcraft_unlimited_java:peacock_topaz":2,"minecraft:mutton":21,"minecraft:white_wool":21,"minecraft:cobblestone":11,"born_in_chaos_v1:corpse_maggot":2,"minecraft:feather":8,"minecraft:glow_ink_sac":6,"crystalcraft_unlimited_java:raw_chrome":2,"minecraft:leather":2,"minecraft:brown_wool":1,"crystalcraft_unlimited_java:spinel":1,"doggytalents:rice_grains":1,"crystalcraft_unlimited_java:titanium":4,"minecraft:tuff":9,"crystalcraft_unlimited_java:matizium":7,"crystalcraft_unlimited_java:grandidierite":1,"minecraft:bone":26,"crystalcraft_unlimited_java:raw_technetium":1,"minecraft:wheat_seeds":2,"create_new_age:magnetite_block":1,"minecraft:iron_ingot":2,"crystalcraft_unlimited_java:chalcanthite":1,"crystalcraft_unlimited_java:stibnite":1,"born_in_chaos_v1:ethereal_spirit":1,"crystalcraft_unlimited_java:palintinium":5,"crystalcraft_unlimited_java:prism":4,"minecraft:spider_eye":1,"crystalcraft_unlimited_java:rose_quartz":5,"butcher:sulfur":2,"minecraft:slime_ball":6,"minecraft:diamond":4,"butcher:butchersguidebook":1,"minecraft:coal":27,"minecraft:black_wool":1}},"DataVersion":3465}