{"stats":{"minecraft:picked_up":{"minecraft:feather":7,"minecraft:chicken":9,"minecraft:brown_wool":1,"minecraft:leather":2,"doggytalents:rice_grains":1,"minecraft:gold_block":1,"minecraft:porkchop":8,"minecraft:wheat_seeds":1,"butcher:butchersguidebook":1,"minecraft:beef":8,"minecraft:black_wool":1,"minecraft:mutton":21,"minecraft:white_wool":12,"minecraft:egg":6},"minecraft:custom":{"minecraft:time_since_rest":6235,"minecraft:interact_with_furnace":2,"minecraft:sprint_one_cm":53296,"minecraft:damage_taken":120,"minecraft:walk_one_cm":17559,"minecraft:mob_kills":30,"minecraft:drop":3,"minecraft:damage_dealt":2180,"minecraft:swim_one_cm":1657,"minecraft:interact_with_crafting_table":2,"minecraft:fly_one_cm":26313,"minecraft:open_chest":12,"minecraft:crouch_one_cm":493,"minecraft:play_time":8506,"minecraft:sneak_time":122,"minecraft:walk_under_water_one_cm":462,"minecraft:jump":165,"minecraft:time_since_death":8506,"minecraft:walk_on_water_one_cm":64,"minecraft:sleep_in_bed":1,"minecraft:total_world_time":8506,"minecraft:fall_one_cm":6258},"minecraft:used":{"minecraft:iron_pickaxe":1,"minecraft:iron_sword":56,"alexsmobs:animal_dictionary":1,"minecraft:cooked_beef":3},"minecraft:dropped":{"butcher:butchersguidebook":2,"spartanshields:wooden_basic_shield":1},"minecraft:killed":{"minecraft:sheep":14,"minecraft:pig":4,"minecraft:chicken":9,"minecraft:cow":3},"minecraft:mined":{"minecraft:gold_block":1,"minecraft:grass":2,"minecraft:oak_leaves":6},"minecraft:crafted":{"minecraft:shield":1,"minecraft:stick":4,"minecraft:iron_ingot":19,"minecraft:iron_pickaxe":1,"minecraft:air":0}},"DataVersion":3465}