{"stats":{"minecraft:picked_up":{"minecraft:raw_iron":12,"create_new_age:thorium":20,"minecraft:anvil":1,"minecraft:andesite":8,"minecraft:oak_log":10,"minecraft:wheat_seeds":1,"securitycraft:secret_sign_item":1,"minecraft:black_wool":1,"minecraft:mutton":3,"minecraft:white_wool":2,"minecraft:cobblestone":5},"minecraft:custom":{"minecraft:time_since_rest":10880,"minecraft:sprint_one_cm":35684,"minecraft:damage_taken":40,"minecraft:walk_one_cm":11707,"minecraft:mob_kills":3,"minecraft:drop":4,"minecraft:damage_dealt":334,"minecraft:swim_one_cm":11720,"minecraft:interact_with_crafting_table":3,"minecraft:fly_one_cm":65665,"minecraft:open_chest":5,"minecraft:crouch_one_cm":2079,"minecraft:play_time":10880,"minecraft:sneak_time":562,"minecraft:walk_under_water_one_cm":3048,"minecraft:jump":370,"minecraft:time_since_death":10880,"minecraft:walk_on_water_one_cm":3405,"minecraft:total_world_time":10880,"minecraft:fall_one_cm":4928},"minecraft:used":{"minecraft:iron_axe":12,"minecraft:iron_pickaxe":31,"minecraft:iron_sword":10,"minecraft:cobblestone":17,"minecraft:crafting_table":1,"minecraft:oak_boat":1,"minecraft:cooked_beef":2},"minecraft:dropped":{"butcher:butchersguidebook":1,"celestial_artifacts:catastrophe_scroll":1,"alexsmobs:animal_dictionary":1,"crystalcraft_unlimited_java:crystalopedia":1},"minecraft:killed":{"minecraft:sheep":3},"minecraft:mined":{"minecraft:iron_ore":10,"minecraft:andesite":8,"minecraft:anvil":1,"minecraft:grass":1,"minecraft:oak_log":11,"create_new_age:thorium_ore":4,"minecraft:cobblestone":1,"minecraft:stone":6},"minecraft:crafted":{"minecraft:oak_boat":1,"minecraft:oak_planks":40,"minecraft:iron_axe":1,"minecraft:crafting_table":1,"minecraft:stick":8,"minecraft:iron_pickaxe":1}},"DataVersion":3465}