{"stats":{"minecraft:custom":{"minecraft:interact_with_crafting_table":40,"minecraft:open_barrel":79,"minecraft:leave_game":10,"minecraft:time_since_death":60244,"minecraft:sprint_one_cm":819834,"minecraft:damage_blocked_by_shield":3430,"minecraft:drop":310,"minecraft:talked_to_villager":1,"minecraft:play_time":316266,"minecraft:deaths":9,"minecraft:jump":9353,"minecraft:interact_with_brewingstand":2,"minecraft:walk_on_water_one_cm":30450,"minecraft:enchant_item":14,"minecraft:interact_with_furnace":1,"minecraft:interact_with_loom":3,"minecraft:sleep_in_bed":11,"minecraft:waystone_activated":2,"minecraft:damage_dealt":76111,"minecraft:crouch_one_cm":38485,"minecraft:interact_with_anvil":17,"minecraft:mob_kills":341,"minecraft:damage_dealt_resisted":5560,"minecraft:climb_one_cm":30146,"minecraft:walk_one_cm":646977,"minecraft:sneak_time":10988,"minecraft:walk_under_water_one_cm":21879,"minecraft:total_world_time":316266,"spartanshields:shield_bash_hits":2,"minecraft:interact_with_grindstone":2,"minecraft:time_since_rest":60685,"minecraft:damage_taken":9777,"minecraft:damage_absorbed":682,"minecraft:swim_one_cm":45206,"minecraft:fly_one_cm":5079708,"minecraft:open_chest":297,"minecraft:fall_one_cm":812146},"minecraft:killed_by":{"aether:mimic":1,"aether:valkyrie":3,"minecraft:player":1},"minecraft:used":{"minecraft:beetroot":1,"alexscaves:gumball_pile":1,"minecraft:chest":5,"alexscaves:diving_leggings":1,"minecraft:polished_blackstone":2,"minecraft:shield":135,"minecraft:iron_sword":40,"minecraft:mutton":5,"crystalcraft_unlimited_java:angerites_armor_boots":1,"minecraft:carrot":13,"minecraft:axolotl_bucket":7,"spartanshields:wooden_tower_shield":29,"cataclysm:infernal_forge":4,"minecraft:cyan_terracotta":26,"minecraft:netherite_shovel":149,"twilightforest:cooked_venison":5,"minecraft:iron_helmet":1,"minecraft:sweet_berries":60,"crystalcraft_unlimited_java:angerites_armor_chestplate":1,"aether:icestone":17,"minecraft:mossy_stone_bricks":8,"crystalcraft_unlimited_java:matizium_sword":49,"born_in_chaos_v1:fel_soil":1,"crystalcraft_unlimited_java:angerites_armor_helmet":1,"minecraft:ender_pearl":15,"minecraft:white_wool":1,"minecraft:golden_apple":22,"minecraft:glow_berries":20,"alexscaves:sweetberry_ice_cream_scoop":26,"alexscaves:cave_book":2,"born_in_chaos_v1:holiday_candy":27,"crystalcraft_unlimited_java:angerites_armor_leggings":2,"minecraft:birch_fence":1,"minecraft:deepslate_tiles":46,"minecraft:bread":11,"alexscaves:abyssmarine":1,"crystalcraft_unlimited_java:xernium_pickaxe":10,"nethersdelight:hoglin_sirloin":1,"minecraft:diamond_sword":3,"alexsmobs:spawn_egg_rhinoceros":1,"alexscaves:peppermint_powder":2,"minecraft:andesite":4,"alexscaves:purple_soda_bottle_rocket":1,"minecraft:oak_boat":2,"minecraft:golden_pickaxe":15,"minecraft:stripped_acacia_wood":2,"aether:blue_gummy_swet":1,"crystalcraft_unlimited_java:matizium_pickaxe":131,"crystalcraft_unlimited_java:prism_shovel":156,"minecraft:spruce_planks":103,"minecraft:netherrack":7,"minecraft:anvil":1,"minecraft:dirt":48,"alexscaves:diving_helmet":1,"minecraft:golden_shovel":11,"crystalcraft_unlimited_java:catseye_ore":1,"minecraft:granite":41,"crystalcraft_unlimited_java:radium_pickaxe":1087,"alexscaves:block_of_chocolate":28,"minecraft:iron_axe":16,"alexscaves:rock_candy_pink":2,"crystalcraft_unlimited_java:prism_pickaxe":800,"minecraft:glowstone":15,"minecraft:golden_carrot":24,"minecraft:beef":5,"minecraft:netherite_pickaxe":65,"minecraft:cooked_beef":7,"minecraft:cobbled_deepslate":44,"aether:holystone":52,"minecraft:iron_leggings":1,"minecraft:water_bucket":2,"minecraft:green_bed":4,"minecraft:cracked_stone_bricks":6,"crystalcraft_unlimited_java:prism_hoe":579,"minecraft:crafting_table":8,"minecraft:white_bed":1,"aether:blue_berry":5,"crystalcraft_unlimited_java:prism_sword":506,"minecraft:apple":16,"aether:blue_moa_egg":1,"minecraft:iron_pickaxe":36,"crystalcraft_unlimited_java:rainbow_axe_2":45,"moredelight:loaded_hamburger":7,"minecraft:potion":1,"minecraft:cobblestone":626,"aether:golden_parachute":2,"minecraft:porkchop":3,"alexscaves:cake_layer":93,"minecraft:cooked_porkchop":7,"minecraft:bucket":9,"minecraft:pumpkin_pie":6},"minecraft:crafted":{"minecraft:oak_planks":56,"crystalcraft_unlimited_java:rainbow_axe_2":1,"crystalcraft_unlimited_java:prism_pickaxe":1,"minecraft:diamond_shovel":2,"crystalcraft_unlimited_java:prism_sword":1,"minecraft:bow":1,"minecraft:chest":5,"crystalcraft_unlimited_java:obsidian_stick":8,"minecraft:crafting_table":7,"minecraft:birch_planks":20,"minecraft:book":3,"minecraft:iron_chestplate":1,"minecraft:shield":3,"minecraft:stick":20,"minecraft:iron_pickaxe":2,"minecraft:iron_block":3,"minecraft:gold_ingot":9,"minecraft:iron_axe":1,"crystalcraft_unlimited_java:prism_shovel":1,"minecraft:iron_sword":1,"minecraft:bucket":1,"minecraft:oak_boat":2,"minecraft:anvil":1,"crystalcraft_unlimited_java:obsidian_shard":63},"minecraft:mined":{"minecraft:red_nether_brick_slab":1,"alexscaves:rock_candy_pink":5,"minecraft:spruce_planks":7,"create:deepslate_zinc_ore":1,"minecraft:white_bed":1,"aether:cold_aercloud":1,"minecraft:sculk_vein":31,"aether:angelic_stone":2,"minecraft:red_nether_bricks":1,"crystalcraft_unlimited_java:chrome_ore":1,"minecraft:obsidian":1,"minecraft:cave_vines_plant":4,"minecraft:granite":47,"minecraft:grass_block":101,"crystalcraft_unlimited_java:amethyst_ore":1,"minecraft:spawner":9,"alexscaves:sundrop":1,"minecraft:polished_blackstone_bricks":2,"minecraft:sculk_catalyst":4,"minecraft:iron_ore":16,"minecraft:fire":1,"minecraft:cobbled_deepslate":18,"crystalcraft_unlimited_java:deepslate_opal_ore":1,"minecraft:anvil":1,"regions_unexplored:pine_leaves":1,"minecraft:cave_vines":4,"crystalcraft_unlimited_java:prism_ore":2,"minecraft:stripped_mangrove_wood":1,"minecraft:green_bed":5,"crystalcraft_unlimited_java:deepslate_prism_ore":9,"crystalcraft_unlimited_java:peacock_topaz_ore":2,"crystalcraft_unlimited_java:deepslate_malachite_ore":1,"aether:holystone":119,"minecraft:cyan_terracotta":105,"minecraft:red_bed":1,"minecraft:blackstone":13,"alexscaves:licoroot":5,"minecraft:crimson_nylium":3,"minecraft:soul_fire":10,"minecraft:powder_snow":2,"alexscaves:large_peppermint":1,"crystalcraft_unlimited_java:tourmaline_ore":1,"minecraft:clay":3,"born_in_chaos_v1:infected_deepslate_diamond_ore":2,"aether:icestone":24,"minecraft:calcite":1,"minecraft:chest":1,"minecraft:white_stained_glass_pane":2,"minecraft:nether_quartz_ore":1,"minecraft:cobblestone":21,"minecraft:oak_planks":2,"crystalcraft_unlimited_java:rare_deepslate_sapphire_ore":2,"alexscaves:cake_layer":97,"minecraft:light_blue_terracotta":4,"crystalcraft_unlimited_java:deepslate_sapphire_ore":1,"minecraft:birch_log":21,"crystalcraft_unlimited_java:deepslate_black_opal_ore":3,"aether:aether_grass_block":5,"minecraft:light_gray_wool":1,"minecraft:grass":11,"minecraft:cracked_deepslate_tiles":1,"minecraft:oak_log":15,"crystalcraft_unlimited_java:deepslate_aquamarine_ore":1,"minecraft:dirt":73,"crystalcraft_unlimited_java:deepslate_flourite_ore":2,"minecraft:smooth_basalt":1,"minecraft:ancient_debris":1,"minecraft:netherrack":7,"create:zinc_ore":2,"create:crimsite":53,"minecraft:deepslate":265,"alexscaves:small_peppermint":1,"minecraft:light_blue_stained_glass_pane":2,"twilightforest:firefly":2,"minecraft:tuff":61,"crystalcraft_unlimited_java:deepslate_ametyst_ore":3,"crystalcraft_unlimited_java:deepslate_grand_ore":8,"minecraft:deepslate_diamond_ore":24,"minecraft:jack_o_lantern":1,"minecraft:nether_bricks":26,"gravestone:gravestone":5,"born_in_chaos_v1:fel_soil":1,"create_new_age:thorium_ore":4,"alexscaves:candy_cane_pole":6,"minecraft:moss_block":2,"regions_unexplored:large_prismarite_cluster":1,"minecraft:large_fern":4,"aether:aether_dirt":14,"minecraft:andesite":439,"minecraft:gold_block":1,"regions_unexplored:ash_vent":1,"crystalcraft_unlimited_java:bloodstone_ore":2,"minecraft:stone":709,"alexscaves:sweetberry_ice_cream":8,"minecraft:pink_terracotta":2,"aether:zanite_ore":1,"minecraft:basalt":1,"create_new_age:magnetite_block":1,"minecraft:oak_fence":2,"crystalcraft_unlimited_java:deepslate_uranium_ore":4,"minecraft:sculk_sensor":9,"minecraft:lectern":1,"minecraft:copper_ore":5,"minecraft:tall_grass":6,"alexscaves:giant_sweetberry":1,"minecraft:deepslate_gold_ore":2,"minecraft:sculk":543,"alexscaves:block_of_frosted_chocolate":15,"regions_unexplored:prismarite_cluster":5,"crystalcraft_unlimited_java:deepslate_matizium_ore":2,"minecraft:sweet_berry_bush":2,"aether:berry_bush":4,"minecraft:coal_ore":32,"regions_unexplored:mycotoxic_mushrooms":1,"minecraft:cobweb":4,"alexscaves:candy_cane":1,"regions_unexplored:viridescent_nylium":1,"alexscaves:block_of_chocolate":24,"minecraft:polished_blackstone":1,"minecraft:stripped_acacia_wood":2,"aether:berry_bush_stem":1,"minecraft:birch_fence":1,"minecraft:fern":1,"alexscaves:rock_candy_magenta":1},"minecraft:killed":{"born_in_chaos_v1:lifestealer_true_form":1,"undead_revamp2:thewolf":2,"twilightforest:hostile_wolf":1,"born_in_chaos_v1:mr_pumpkin":4,"graveyard:skeleton_creeper":1,"minecraft:witch":1,"born_in_chaos_v1:restless_spirit":2,"born_in_chaos_v1:zombie_lumberjack":2,"born_in_chaos_v1:sir_the_headless":1,"minecraft:spider":8,"undead_revamp2:thesmoker":2,"graveyard:wraith":4,"born_in_chaos_v1:siamese_skeletonsright":1,"undead_revamp2:theswarmer":1,"minecraft:skeleton":20,"minecraft:bee":2,"born_in_chaos_v1:skeleton_thrasher":1,"undead_revamp2:therod":1,"aether:moa":1,"alexscaves:candicorn":2,"artifacts:mimic":3,"born_in_chaos_v1:diamond_termite":2,"undead_revamp2:theheavy":1,"aether:sheepuff":1,"minecraft:creeper":9,"aether:phyg":1,"minecraft:sheep":3,"undead_revamp2:slaveman":1,"minecraft:zombie":29,"born_in_chaos_v1:dread_hound":3,"alexsmobs:terrapin":1,"born_in_chaos_v1:corpse_fly":5,"born_in_chaos_v1:door_knight":1,"minecraft:blaze":1,"minecraft:cow":3,"alexscaves:gumbeeper":1,"twilightforest:deer":2,"undead_revamp2:bigsucker":20,"undead_revamp2:thehunter":11,"aether:mimic":3,"undead_revamp2:thegliter":1,"graveyard:corrupted_vindicator":2,"minecraft:endermite":1,"alexsmobs:tasmanian_devil":1,"undead_revamp2:bomber":1,"born_in_chaos_v1:maggot":9,"minecraft:phantom":3,"born_in_chaos_v1:pumpkinhead":1,"twilightforest:hedge_spider":2,"undead_revamp2:thebidy":1,"minecraft:warden":2,"undead_revamp2:sucker":59,"goblintraders:goblin_trader":1,"cataclysm:deepling_angler":1,"born_in_chaos_v1:spiritof_chaos":2,"born_in_chaos_v1:fallen_chaos_knight":1,"born_in_chaos_v1:baby_skeleton":3,"born_in_chaos_v1:swarmer":1,"undead_revamp2:the_moonflower":21,"minecraft:hoglin":4,"aether:flying_cow":3,"born_in_chaos_v1:decrepit_skeleton":7,"undead_revamp2:thesomnolence":2,"born_in_chaos_v1:decaying_zombie":4,"born_in_chaos_v1:dark_vortex":3,"born_in_chaos_v1:nightmare_stalker":2,"minecraft:wither_skeleton":31,"minecraft:enderman":1},"minecraft:broken":{"spartanshields:wooden_tower_shield":1},"minecraft:dropped":{"minecraft:spruce_sign":1,"minecraft:iron_sword":4,"celestial_artifacts:catastrophe_scroll":1,"minecraft:moss_block":2,"minecraft:birch_planks":10,"crystalcraft_unlimited_java:rainbow_axe_2":1,"minecraft:nether_star":1,"minecraft:glow_ink_sac":1,"minecraft:baked_potato":1,"minecraft:glass_bottle":1,"minecraft:ender_pearl":3,"minecraft:diamond":17,"minecraft:cookie":2,"minecraft:red_nether_brick_slab":1,"crystalcraft_unlimited_java:catseye_ore":1,"create:crimsite":51,"minecraft:cracked_stone_bricks":1,"born_in_chaos_v1:pieceofdarkmetal":3,"born_in_chaos_v1:nightmare_claw":1,"minecraft:emerald":2,"alexscaves:peppermint_powder":2,"minecraft:cyan_terracotta":202,"born_in_chaos_v1:monster_flesh":2,"minecraft:dirt":169,"minecraft:red_bed":1,"born_in_chaos_v1:monster_skin":3,"minecraft:crimson_roots":1,"gravestone:obituary":18,"alexscaves:cave_map":1,"minecraft:phantom_membrane":1,"crystalcraft_unlimited_java:crystalopedia":1,"minecraft:iron_pickaxe":2,"born_in_chaos_v1:mint_ice_cream":2,"undead_revamp2:blacpetalblock":2,"minecraft:birch_log":30,"minecraft:white_wool":2,"minecraft:bone":75,"minecraft:gravel":18,"undead_revamp2:suckermemebrane":30,"alexscaves:gingerbread_crumbs":4,"minecraft:cobbled_deepslate":72,"alexsmobs:animal_dictionary":1,"minecraft:birch_sapling":1,"minecraft:wheat":11,"born_in_chaos_v1:ethereal_spirit":3,"minecraft:beetroot":15,"minecraft:rotten_flesh":102,"minecraft:oak_planks":22,"minecraft:diamond_shovel":2,"crystalcraft_unlimited_java:bloodstone":8,"minecraft:golden_shovel":3,"crystalcraft_unlimited_java:obsidian_shard":6,"minecraft:deepslate_tiles":2,"minecraft:mangrove_log":2,"minecraft:gunpowder":2,"born_in_chaos_v1:corpse_maggot":3,"minecraft:chest":1,"farmersdelight:rope":9,"doggytalents:rice_grains":4,"minecraft:blackstone_slab":1,"minecraft:red_nether_bricks":1,"minecraft:basalt":1,"minecraft:arrow":35,"cataclysm:infernal_forge":1,"minecraft:quartz":1,"minecraft:netherrack":3,"crystalcraft_unlimited_java:matizium_sword":1,"born_in_chaos_v1:dark_rod":2,"minecraft:bread":15,"minecraft:enchanted_book":2,"minecraft:iron_ingot":6,"crystalcraft_unlimited_java:xernium_pickaxe":1,"minecraft:wheat_seeds":4,"aether:cold_aercloud":1,"minecraft:polished_blackstone":1,"aether:blue_moa_egg":1,"born_in_chaos_v1:holiday_candy":4,"minecraft:iron_helmet":1,"minecraft:oak_fence":1,"minecraft:feather":1,"minecraft:cobblestone":1856,"minecraft:book":1,"minecraft:granite":8,"minecraft:copper_ingot":502,"crystalcraft_unlimited_java:prism_sword":1,"born_in_chaos_v1:soul_cutlass":1,"minecraft:grass_block":14,"minecraft:coal":462,"minecraft:stick":114,"aether:poison_dart":4,"aether:enchanted_dart":8,"born_in_chaos_v1:pumpkin_staff":1,"farmersdelight:golden_knife":3,"minecraft:sculk_catalyst":2,"minecraft:rose_bush":1,"crystalcraft_unlimited_java:radium_pickaxe":1,"born_in_chaos_v1:fused_bone":4,"minecraft:fire_charge":4,"alexsmobs:spawn_egg_rhinoceros":1,"minecraft:iron_axe":1,"alexscaves:radiant_essence":1,"minecraft:cactus":6,"minecraft:string":10,"cataclysm:music_disc_netherite_monstrosity":1,"minecraft:anvil":1,"minecraft:moss_carpet":2,"minecraft:raw_copper":19,"minecraft:smooth_stone_slab":5,"minecraft:tuff":15,"minecraft:light_gray_wool":1,"aether:aether_dirt":18,"minecraft:nether_bricks":22,"minecraft:flint_and_steel":4,"butcher:butchersguidebook":1,"regions_unexplored:ash_vent":1,"minecraft:big_dripleaf":4,"minecraft:shield":1,"minecraft:allium":1,"minecraft:spruce_planks":45,"minecraft:iron_chestplate":1,"minecraft:andesite":173,"minecraft:mossy_stone_bricks":1,"minecraft:stone_bricks":6,"minecraft:blue_orchid":1,"minecraft:bow":1,"minecraft:stone_pickaxe":1,"cataclysm:monstrous_horn":2,"crystalcraft_unlimited_java:matizium_pickaxe":1,"minecraft:calcite":128,"aether:berry_bush_stem":1,"minecraft:black_wool":1},"minecraft:picked_up":{"minecraft:wheat":11,"cataclysm:monstrous_horn":2,"alexscaves:sweet_tooth":1,"minecraft:anvil":1,"alexscaves:caramel":44,"minecraft:enchanted_book":1,"minecraft:golden_shovel":2,"aether:ambrosium_torch":1,"born_in_chaos_v1:holiday_candy":47,"minecraft:string":16,"regions_unexplored:prismarite_cluster":5,"minecraft:smooth_stone_slab":5,"minecraft:red_nether_bricks":1,"minecraft:beetroot":10,"minecraft:deepslate_tiles":2,"minecraft:gold_nugget":10,"minecraft:cobbled_deepslate":247,"minecraft:spruce_planks":70,"minecraft:calcite":65,"minecraft:rose_bush":1,"minecraft:written_book":1,"nethersdelight:hoglin_sirloin":1,"minecraft:iron_pickaxe":2,"securitycraft:secret_sign_item":1,"born_in_chaos_v1:stimulating_decoction":1,"minecraft:mangrove_log":2,"alexscaves:licoroot":5,"minecraft:stick":114,"crystalcraft_unlimited_java:matizium_pickaxe":1,"undead_revamp2:suckermemebrane":35,"twilightforest:cooked_venison":5,"born_in_chaos_v1:shattered_skull":1,"minecraft:big_dripleaf":4,"crystalcraft_unlimited_java:catseye_ore":1,"minecraft:oak_fence":1,"minecraft:green_bed":5,"minecraft:porkchop":3,"minecraft:netherite_shovel":1,"born_in_chaos_v1:fel_soil":1,"born_in_chaos_v1:nightmare_claw":3,"the_bumblezone:bee_stinger":3,"minecraft:pink_terracotta":2,"minecraft:cactus":6,"minecraft:rotten_flesh":154,"crystalcraft_unlimited_java:matizium_sword":1,"minecraft:cyan_terracotta":315,"minecraft:obsidian":12,"undead_revamp2:arapholia":2,"minecraft:cobblestone":2011,"minecraft:birch_log":35,"minecraft:feather":1,"minecraft:cooked_beef":13,"minecraft:andesite":177,"alexsmobs:bear_fur":10,"minecraft:tuff":15,"undead_revamp2:huntereye":1,"alexscaves:sundrop":1,"minecraft:dirt":228,"aether:icestone":24,"crystalcraft_unlimited_java:grandidierite":4,"born_in_chaos_v1:monster_skin":3,"minecraft:bone":138,"undead_revamp2:blacpetalblock":2,"minecraft:bow":1,"minecraft:wheat_seeds":4,"aether:holystone":114,"minecraft:raw_gold":3,"aether:cold_aercloud":1,"minecraft:mossy_stone_bricks":9,"minecraft:moss_block":2,"minecraft:oak_planks":15,"alexscaves:radiant_essence":1,"minecraft:cooked_porkchop":7,"minecraft:axolotl_bucket":1,"minecraft:stripped_acacia_wood":2,"crystalcraft_unlimited_java:prism":28,"aether:zanite_gemstone":2,"minecraft:grass_block":21,"sons_of_sins:flesh_of_demise":2,"undead_revamp2:heavytooth":1,"create:crimsite":51,"minecraft:light_blue_terracotta":4,"alexscaves:sweetberry_ice_cream_scoop":29,"cataclysm:music_disc_netherite_monstrosity":1,"minecraft:diamond":51,"aether:ambrosium_shard":1,"alexscaves:sharpened_candy_cane":26,"minecraft:granite":49,"minecraft:spruce_sign":1,"minecraft:emerald":1,"minecraft:netherrack":10,"minecraft:nether_star":1,"minecraft:crimson_roots":1,"minecraft:crafting_table":1,"create_new_age:thorium":20,"minecraft:allium":1,"alexscaves:cake_layer":92,"crystalcraft_unlimited_java:flourite":2,"born_in_chaos_v1:seedof_chaos":1,"minecraft:clay_ball":12,"aether:aether_dirt":18,"minecraft:gold_block":1,"gravestone:obituary":10,"aether:poison_dart":8,"minecraft:dragon_breath":2,"aether:blue_berry":5,"minecraft:red_bed":1,"alexscaves:peppermint_powder":11,"minecraft:moss_carpet":2,"alexscaves:gumball_pile":1,"minecraft:flint_and_steel":3,"born_in_chaos_v1:intoxicating_decoction":2,"minecraft:birch_fence":1,"artifacts:fire_gauntlet":1,"minecraft:blue_orchid":1,"graveyard:corruption":2,"minecraft:cracked_stone_bricks":7,"minecraft:beef":5,"born_in_chaos_v1:gnawed_bones":1,"crystalcraft_unlimited_java:prism_sword":1,"minecraft:light_gray_wool":1,"crystalcraft_unlimited_java:obsidian_shard":6,"minecraft:lectern":1,"minecraft:birch_sapling":1,"minecraft:chest":4,"farmersdelight:golden_knife":3,"minecraft:phantom_membrane":1,"minecraft:raw_iron":93,"minecraft:stripped_mangrove_wood":1,"regions_unexplored:ash_vent":1,"minecraft:copper_ingot":556,"sophisticatedbackpacks:backpack":1,"minecraft:fire_charge":3,"born_in_chaos_v1:pieceofdarkmetal":17,"alexscaves:rock_candy_pink":2,"minecraft:carrot":1,"minecraft:redstone":2,"crystalcraft_unlimited_java:amethyst":4,"twilightforest:firefly":2,"minecraft:arrow":36,"crystalcraft_unlimited_java:xernium_pickaxe":1,"minecraft:nether_bricks":22,"alexscaves:block_of_chocolate":41,"crystalcraft_unlimited_java:peacock_topaz":2,"minecraft:totem_of_undying":2,"minecraft:gold_ingot":2,"minecraft:polished_blackstone":1,"minecraft:mutton":5,"minecraft:white_wool":3,"born_in_chaos_v1:corpse_maggot":3,"crystalcraft_unlimited_java:black_opal":3,"minecraft:basalt":1,"born_in_chaos_v1:monster_flesh":14,"born_in_chaos_v1:pumpkin_staff":2,"minecraft:glow_ink_sac":1,"minecraft:leather":12,"minecraft:blackstone_slab":1,"crystalcraft_unlimited_java:rare_sapphire":2,"alexscaves:gelatin_red":23,"doggytalents:rice_grains":4,"minecraft:oak_log":14,"minecraft:gunpowder":3,"artifacts:cloud_in_a_bottle":1,"crystalcraft_unlimited_java:matizium":32,"minecraft:paper":11,"crystalcraft_unlimited_java:radium_pickaxe":2,"regions_unexplored:large_prismarite_cluster":1,"cataclysm:infernal_forge":1,"born_in_chaos_v1:soul_cutlass":2,"minecraft:apple":1,"minecraft:stone_bricks":6,"crystalcraft_unlimited_java:tourmaline":1,"minecraft:iron_ingot":72,"aether:berry_bush_stem":1,"minecraft:iron_sword":2,"minecraft:book":1,"minecraft:sculk_catalyst":2,"moredelight:loaded_hamburger":7,"alexscaves:gingerbread_crumbs":4,"aether:enchanted_dart":8,"born_in_chaos_v1:ethereal_spirit":8,"minecraft:quartz":1,"minecraft:gravel":12,"born_in_chaos_v1:dark_rod":4,"alexscaves:sweetish_fish_red":8,"crystalcraft_unlimited_java:bloodstone":8,"minecraft:white_bed":1,"crystalcraft_unlimited_java:uranium":4,"crystalcraft_unlimited_java:rainbow_axe_2":1,"undead_revamp2:rawbostrox":3,"minecraft:pumpkin_seeds":29,"minecraft:painting":1,"alexscaves:cave_map":1,"minecraft:red_nether_brick_slab":1,"minecraft:baked_potato":1,"minecraft:black_wool":1,"crystalcraft_unlimited_java:prism_hoe":1,"minecraft:coal":407,"minecraft:ender_pearl":1}},"DataVersion":3465}