{"stats":{"minecraft:broken":{"spartanshields:wooden_tower_shield":1},"minecraft:used":{"crystalcraft_unlimited_java:matizium_pickaxe":131,"minecraft:spruce_planks":15,"minecraft:shield":32,"minecraft:iron_sword":36,"minecraft:granite":27,"minecraft:axolotl_bucket":4,"spartanshields:wooden_tower_shield":29,"minecraft:iron_axe":16,"crystalcraft_unlimited_java:prism_pickaxe":68,"minecraft:cooked_beef":7,"minecraft:cobbled_deepslate":1,"minecraft:water_bucket":1,"crystalcraft_unlimited_java:matizium_sword":49,"crystalcraft_unlimited_java:angerites_armor_helmet":1,"minecraft:ender_pearl":1,"minecraft:crafting_table":4,"alexscaves:cave_book":2,"born_in_chaos_v1:holiday_candy":27,"minecraft:birch_fence":1,"crystalcraft_unlimited_java:prism_sword":68,"minecraft:bread":8,"crystalcraft_unlimited_java:rainbow_axe_2":1,"minecraft:iron_pickaxe":35,"crystalcraft_unlimited_java:xernium_pickaxe":10,"minecraft:cobblestone":46,"minecraft:bucket":6,"minecraft:oak_boat":1},"minecraft:crafted":{"minecraft:oak_planks":40,"crystalcraft_unlimited_java:rainbow_axe_2":1,"crystalcraft_unlimited_java:prism_pickaxe":1,"crystalcraft_unlimited_java:prism_sword":1,"minecraft:iron_axe":1,"crystalcraft_unlimited_java:obsidian_stick":6,"minecraft:crafting_table":3,"minecraft:bucket":1,"minecraft:oak_boat":1,"minecraft:shield":1,"minecraft:stick":8,"minecraft:iron_pickaxe":1,"crystalcraft_unlimited_java:obsidian_shard":36},"minecraft:picked_up":{"minecraft:crafting_table":1,"create_new_age:thorium":20,"crystalcraft_unlimited_java:flourite":2,"minecraft:anvil":1,"minecraft:clay_ball":12,"born_in_chaos_v1:holiday_candy":27,"minecraft:string":4,"minecraft:moss_carpet":2,"minecraft:birch_fence":1,"graveyard:corruption":2,"minecraft:deepslate_tiles":2,"minecraft:cobbled_deepslate":73,"minecraft:spruce_planks":3,"minecraft:beef":5,"crystalcraft_unlimited_java:obsidian_shard":6,"securitycraft:secret_sign_item":1,"undead_revamp2:suckermemebrane":5,"crystalcraft_unlimited_java:matizium_pickaxe":1,"minecraft:raw_iron":17,"born_in_chaos_v1:shattered_skull":1,"minecraft:big_dripleaf":4,"born_in_chaos_v1:pieceofdarkmetal":3,"crystalcraft_unlimited_java:amethyst":4,"minecraft:rotten_flesh":18,"minecraft:arrow":2,"crystalcraft_unlimited_java:xernium_pickaxe":1,"crystalcraft_unlimited_java:matizium_sword":1,"crystalcraft_unlimited_java:peacock_topaz":2,"minecraft:mutton":3,"minecraft:obsidian":12,"minecraft:white_wool":2,"minecraft:cobblestone":39,"crystalcraft_unlimited_java:black_opal":3,"born_in_chaos_v1:pumpkin_staff":1,"minecraft:andesite":10,"minecraft:leather":3,"crystalcraft_unlimited_java:rare_sapphire":2,"doggytalents:rice_grains":2,"alexsmobs:bear_fur":10,"minecraft:oak_log":10,"artifacts:cloud_in_a_bottle":1,"crystalcraft_unlimited_java:matizium":30,"minecraft:dirt":35,"crystalcraft_unlimited_java:grandidierite":4,"minecraft:bone":15,"born_in_chaos_v1:soul_cutlass":1,"minecraft:wheat_seeds":3,"minecraft:raw_gold":3,"crystalcraft_unlimited_java:tourmaline":1,"minecraft:moss_block":2,"minecraft:cooked_porkchop":7,"crystalcraft_unlimited_java:prism":24,"crystalcraft_unlimited_java:uranium":3,"minecraft:diamond":5,"minecraft:granite":48,"minecraft:baked_potato":1,"minecraft:coal":3,"minecraft:black_wool":1},"minecraft:killed":{"undead_revamp2:bigsucker":2,"born_in_chaos_v1:mr_pumpkin":1,"undead_revamp2:thehunter":1,"graveyard:skeleton_creeper":1,"undead_revamp2:thegliter":1,"born_in_chaos_v1:restless_spirit":1,"graveyard:corrupted_vindicator":2,"minecraft:spider":3,"graveyard:wraith":4,"born_in_chaos_v1:maggot":4,"minecraft:skeleton":10,"born_in_chaos_v1:skeleton_thrasher":1,"undead_revamp2:sucker":8,"artifacts:mimic":2,"born_in_chaos_v1:baby_skeleton":2,"minecraft:creeper":4,"born_in_chaos_v1:decrepit_skeleton":2,"minecraft:sheep":3,"born_in_chaos_v1:decaying_zombie":1,"minecraft:zombie":10,"minecraft:cow":2},"minecraft:dropped":{"crystalcraft_unlimited_java:xernium_pickaxe":1,"minecraft:iron_sword":1,"celestial_artifacts:catastrophe_scroll":1,"minecraft:moss_block":2,"minecraft:wheat_seeds":3,"minecraft:baked_potato":1,"minecraft:iron_helmet":1,"minecraft:cobblestone":1,"born_in_chaos_v1:soul_cutlass":1,"minecraft:coal":3,"minecraft:stick":4,"minecraft:emerald":1,"born_in_chaos_v1:pumpkin_staff":1,"minecraft:dirt":3,"minecraft:iron_axe":1,"crystalcraft_unlimited_java:crystalopedia":1,"minecraft:string":1,"minecraft:white_wool":2,"minecraft:bone":15,"minecraft:anvil":1,"minecraft:moss_carpet":2,"undead_revamp2:suckermemebrane":5,"alexsmobs:animal_dictionary":1,"minecraft:raw_copper":19,"minecraft:rotten_flesh":14,"crystalcraft_unlimited_java:obsidian_shard":6,"butcher:butchersguidebook":1,"minecraft:big_dripleaf":4,"minecraft:deepslate_tiles":2,"minecraft:andesite":10,"doggytalents:rice_grains":2,"minecraft:arrow":2,"minecraft:stone_pickaxe":1,"crystalcraft_unlimited_java:matizium_pickaxe":1,"crystalcraft_unlimited_java:matizium_sword":1,"minecraft:black_wool":1},"minecraft:custom":{"minecraft:mob_kills":66,"minecraft:interact_with_crafting_table":21,"minecraft:open_barrel":8,"minecraft:damage_dealt_resisted":1637,"minecraft:time_since_death":49596,"minecraft:climb_one_cm":2404,"minecraft:sprint_one_cm":125757,"minecraft:walk_one_cm":100456,"minecraft:damage_blocked_by_shield":1010,"minecraft:drop":47,"minecraft:play_time":49596,"minecraft:sneak_time":1843,"minecraft:walk_under_water_one_cm":3116,"minecraft:jump":1357,"minecraft:walk_on_water_one_cm":13662,"minecraft:total_world_time":49596,"spartanshields:shield_bash_hits":1,"minecraft:interact_with_loom":2,"minecraft:time_since_rest":49596,"minecraft:damage_taken":1571,"minecraft:damage_dealt":13549,"minecraft:swim_one_cm":11845,"minecraft:fly_one_cm":422922,"minecraft:open_chest":17,"minecraft:crouch_one_cm":6145,"minecraft:fall_one_cm":77175},"minecraft:mined":{"minecraft:light_blue_stained_glass_pane":2,"minecraft:spruce_planks":3,"crystalcraft_unlimited_java:deepslate_ametyst_ore":3,"crystalcraft_unlimited_java:deepslate_grand_ore":4,"minecraft:deepslate_diamond_ore":3,"minecraft:cave_vines_plant":4,"minecraft:granite":46,"minecraft:grass_block":1,"create_new_age:thorium_ore":4,"crystalcraft_unlimited_java:amethyst_ore":1,"minecraft:moss_block":2,"minecraft:spawner":1,"minecraft:iron_ore":14,"minecraft:cobbled_deepslate":2,"minecraft:andesite":18,"minecraft:anvil":1,"minecraft:cave_vines":4,"crystalcraft_unlimited_java:prism_ore":2,"minecraft:stone":47,"crystalcraft_unlimited_java:deepslate_prism_ore":5,"crystalcraft_unlimited_java:peacock_topaz_ore":2,"crystalcraft_unlimited_java:tourmaline_ore":1,"minecraft:clay":3,"crystalcraft_unlimited_java:deepslate_uranium_ore":3,"minecraft:white_stained_glass_pane":2,"minecraft:tall_grass":1,"minecraft:cobblestone":1,"minecraft:deepslate_gold_ore":2,"crystalcraft_unlimited_java:rare_deepslate_sapphire_ore":2,"crystalcraft_unlimited_java:deepslate_black_opal_ore":3,"minecraft:grass":4,"minecraft:cracked_deepslate_tiles":1,"minecraft:coal_ore":2,"minecraft:oak_log":11,"minecraft:dirt":2,"crystalcraft_unlimited_java:deepslate_flourite_ore":2,"minecraft:cobweb":1,"minecraft:birch_fence":1,"minecraft:deepslate":68}},"DataVersion":3465}