{"stats":{"minecraft:custom":{"minecraft:time_since_rest":8357,"minecraft:open_chest":42,"minecraft:crouch_one_cm":2704,"minecraft:sprint_one_cm":25085,"minecraft:interact_with_furnace":11,"minecraft:play_time":57933,"minecraft:walk_one_cm":66572,"minecraft:sneak_time":2028,"minecraft:walk_under_water_one_cm":5586,"minecraft:mob_kills":3,"minecraft:jump":266,"minecraft:damage_dealt":650,"minecraft:leave_game":3,"minecraft:walk_on_water_one_cm":1717,"minecraft:time_since_death":57933,"minecraft:sleep_in_bed":2,"minecraft:total_world_time":57933,"minecraft:interact_with_crafting_table":2,"minecraft:fall_one_cm":894,"minecraft:fly_one_cm":189973},"minecraft:used":{"minecraft:netherrack":1,"minecraft:torch":47,"minecraft:cobblestone_stairs":64,"minecraft:stone_sword":14,"minecraft:cobblestone":149,"minecraft:flint_and_steel":2,"minecraft:crafting_table":2,"securitycraft:secret_sign_item":4,"minecraft:birch_leaves":15,"minecraft:furnace":3,"minecraft:grass_block":10,"minecraft:birch_log":36,"minecraft:white_bed":2,"minecraft:chest":4,"minecraft:obsidian":24},"minecraft:crafted":{"minecraft:spruce_planks":1024},"minecraft:killed":{"minecraft:skeleton":3},"minecraft:picked_up":{"minecraft:bone":2,"minecraft:torch":1}},"DataVersion":3465}