{"stats":{"minecraft:used":{"minecraft:wooden_axe":23,"minecraft:birch_planks":2,"aquaculture:wooden_fillet_knife":1,"minecraft:wooden_sword":7,"minecraft:dirt":1,"minecraft:dark_oak_boat":1,"minecraft:crafting_table":3,"delightful:acorn":1,"minecraft:dark_oak_sapling":1},"minecraft:killed":{"minecraft:creeper":1},"minecraft:picked_up":{"minecraft:birch_log":9,"minecraft:dark_oak_sapling":8,"minecraft:stick":11,"minecraft:crafting_table":3,"minecraft:dark_oak_boat":1,"minecraft:birch_planks":9,"minecraft:dark_oak_log":39,"minecraft:dirt":16,"minecraft:dark_oak_planks":25,"delightful:acorn":2,"minecraft:birch_sapling":4},"minecraft:custom":{"minecraft:time_since_rest":6297,"minecraft:sprint_one_cm":35203,"minecraft:damage_taken":360,"minecraft:walk_one_cm":20387,"minecraft:mob_kills":1,"minecraft:damage_dealt":217,"minecraft:interact_with_crafting_table":4,"minecraft:fly_one_cm":44670,"minecraft:crouch_one_cm":2231,"minecraft:play_time":21592,"minecraft:deaths":1,"minecraft:sneak_time":261,"minecraft:walk_under_water_one_cm":1717,"minecraft:boat_one_cm":18509,"minecraft:jump":177,"minecraft:leave_game":5,"minecraft:time_since_death":8696,"minecraft:walk_on_water_one_cm":2361,"minecraft:total_world_time":21592,"minecraft:fall_one_cm":4311},"minecraft:crafted":{"minecraft:wooden_sword":1,"minecraft:dark_oak_boat":1,"minecraft:crafting_table":2,"minecraft:stick":12,"minecraft:wooden_pickaxe":1,"minecraft:wooden_axe":2,"minecraft:dark_oak_planks":24,"minecraft:birch_planks":28,"aquaculture:wooden_fillet_knife":1},"minecraft:mined":{"treechop:chopped_log":5,"minecraft:crafting_table":3,"minecraft:grass":1,"minecraft:grass_block":1}},"DataVersion":3465}