{"stats":{"minecraft:picked_up":{"minecraft:bone":2,"minecraft:torch":1},"minecraft:custom":{"minecraft:time_since_rest":40297,"minecraft:open_chest":29,"minecraft:crouch_one_cm":2607,"minecraft:interact_with_furnace":5,"minecraft:sprint_one_cm":11322,"minecraft:play_time":40297,"minecraft:walk_one_cm":21718,"minecraft:sneak_time":1508,"minecraft:walk_under_water_one_cm":5586,"minecraft:mob_kills":3,"minecraft:jump":157,"minecraft:damage_dealt":600,"minecraft:leave_game":1,"minecraft:walk_on_water_one_cm":1452,"minecraft:time_since_death":40297,"minecraft:total_world_time":40297,"minecraft:interact_with_crafting_table":1,"minecraft:fall_one_cm":209,"minecraft:fly_one_cm":56873},"minecraft:used":{"minecraft:torch":46,"minecraft:stone_sword":13,"minecraft:cobblestone":109,"minecraft:crafting_table":2,"securitycraft:secret_sign_item":4,"minecraft:furnace":2,"minecraft:grass_block":8,"minecraft:chest":4},"minecraft:killed":{"minecraft:skeleton":3},"minecraft:crafted":{"minecraft:spruce_planks":1024}},"DataVersion":3465}