{"stats":{"minecraft:used":{"minecraft:wooden_axe":15,"minecraft:wooden_sword":7,"minecraft:dirt":1,"minecraft:crafting_table":1,"minecraft:birch_planks":2,"aquaculture:wooden_fillet_knife":1,"minecraft:dark_oak_sapling":1},"minecraft:killed":{"minecraft:creeper":1},"minecraft:custom":{"minecraft:time_since_rest":11245,"minecraft:crouch_one_cm":2225,"minecraft:play_time":11245,"minecraft:sprint_one_cm":22313,"minecraft:damage_taken":50,"minecraft:walk_one_cm":13366,"minecraft:sneak_time":177,"minecraft:walk_under_water_one_cm":1717,"minecraft:mob_kills":1,"minecraft:jump":107,"minecraft:damage_dealt":217,"minecraft:leave_game":3,"minecraft:walk_on_water_one_cm":2156,"minecraft:time_since_death":11245,"minecraft:total_world_time":11245,"minecraft:interact_with_crafting_table":2,"minecraft:fall_one_cm":2848,"minecraft:fly_one_cm":25566},"minecraft:crafted":{"minecraft:wooden_sword":1,"minecraft:birch_planks":28,"aquaculture:wooden_fillet_knife":1,"minecraft:crafting_table":1,"minecraft:stick":8,"minecraft:wooden_pickaxe":1,"minecraft:wooden_axe":1},"minecraft:mined":{"minecraft:grass_block":1,"minecraft:grass":1,"treechop:chopped_log":4,"minecraft:crafting_table":1},"minecraft:picked_up":{"minecraft:birch_log":9,"minecraft:crafting_table":1,"minecraft:dark_oak_sapling":1,"minecraft:stick":2,"minecraft:birch_planks":9,"minecraft:birch_sapling":4,"minecraft:dirt":1}},"DataVersion":3465}