{"stats":{"minecraft:used":{"crystalcraft_unlimited_java:radium_armor_boots":5,"minecraft:ladder":12,"minecraft:black_carpet":1,"minecraft:chest":21,"minecraft:white_terracotta":7,"minecraft:iron_sword":3,"minecraft:stone":6,"minecraft:iron_chestplate":1,"minecraft:brick_slab":2,"minecraft:obsidian":24,"minecraft:glass":20,"minecraft:spruce_boat":16,"born_in_chaos_v1:corpse_maggot":1,"minecraft:cyan_terracotta":5,"securitycraft:secret_sign_item":4,"minecraft:grass_block":13,"minecraft:iron_helmet":1,"minecraft:furnace":10,"minecraft:spruce_door":3,"minecraft:birch_leaves":797,"minecraft:oak_planks":9,"minecraft:blackstone":2,"minecraft:diamond_axe":10,"minecraft:birch_fence":112,"waystones:waystone":6,"minecraft:birch_fence_gate":3,"alexscaves:abyssmarine":122,"crystalcraft_unlimited_java:xernium_pickaxe":3442,"spartanshields:diamond_tower_shield":8,"minecraft:gravel":1,"minecraft:smithing_table":1,"minecraft:andesite":2,"minecraft:birch_log":176,"minecraft:coarse_dirt":2,"minecraft:netherite_sword":19,"minecraft:stone_sword":14,"minecraft:enchanting_table":2,"minecraft:flint_and_steel":2,"minecraft:tropical_fish":1,"minecraft:armor_stand":1,"minecraft:spruce_planks":9,"crystalcraft_unlimited_java:radium_armor_chestplate":4,"crystalcraft_unlimited_java:radium_armor_helmet":6,"minecraft:netherrack":1,"minecraft:torch":133,"minecraft:dirt":2,"minecraft:granite":8,"crystalcraft_unlimited_java:radium_pickaxe":27,"minecraft:birch_door":1,"alexscaves:block_of_chocolate":1,"minecraft:iron_boots":1,"minecraft:smooth_basalt":1,"minecraft:netherite_pickaxe":16,"minecraft:cobbled_deepslate":1,"crystalcraft_unlimited_java:mythril_sword":250,"minecraft:iron_leggings":1,"minecraft:water_bucket":150,"minecraft:cobblestone_stairs":68,"undead_revamp2:wincallerfan":7,"minecraft:birch_planks":185,"crystalcraft_unlimited_java:radium_armor_leggings":5,"regions_unexplored:peat_dirt":3,"graveyard:ossuary":1,"minecraft:cracked_stone_bricks":4,"minecraft:crafting_table":9,"minecraft:red_bed":1,"minecraft:white_bed":11,"toolleveling:tool_leveling_table":2,"moredelight:loaded_hamburger":39,"minecraft:cobblestone":194,"minecraft:bucket":99,"minecraft:yellow_bed":1,"minecraft:birch_stairs":8},"minecraft:crafted":{"blue_skies:blue_journal":1,"minecraft:diamond_axe":1,"minecraft:crafting_table":4,"minecraft:spruce_planks":1024,"minecraft:spruce_door":15,"minecraft:stick":4,"crystalcraft_unlimited_java:radium_armor_boots":1,"crystalcraft_unlimited_java:radium_armor_leggings":1,"minecraft:spruce_boat":1,"minecraft:red_bed":1,"minecraft:air":0,"crystalcraft_unlimited_java:radium_armor_helmet":1},"minecraft:picked_up":{"alexscaves:thin_bone":2,"born_in_chaos_v1:charmof_stealth":1,"minecraft:black_carpet":2,"minecraft:wheat":4,"minecraft:creeper_head":1,"minecraft:iron_trapdoor":1,"crystalcraft_unlimited_java:amber":1,"minecraft:smithing_table":1,"minecraft:lead":2,"minecraft:oak_stairs":3,"alexscaves:cave_tablet":1,"minecraft:enchanted_book":1,"minecraft:stone_brick_stairs":2,"crystalcraft_unlimited_java:radium_armor_boots":1,"crystalcraft_unlimited_java:radium_armor_chestplate":1,"born_in_chaos_v1:holiday_candy":27,"minecraft:string":105,"minecraft:raw_copper":1042,"crystalcraft_unlimited_java:radium_armor_helmet":1,"minecraft:cobbled_deepslate":402,"crystalcraft_unlimited_java:peridot":1,"born_in_chaos_v1:charmof_power":1,"minecraft:spruce_planks":3,"artifacts:aqua_dashers":1,"spartanshields:diamond_tower_shield":1,"minecraft:redstone_torch":1,"crystalcraft_unlimited_java:radium_armor_leggings":1,"crystalcraft_unlimited_java:pitambari_neelam":2,"minecraft:mangrove_log":2,"minecraft:stick":2,"crystalcraft_unlimited_java:matizium_pickaxe":1,"born_in_chaos_v1:shattered_skull":1,"minecraft:jukebox":1,"minecraft:torch":67,"minecraft:green_bed":1,"crystalcraft_unlimited_java:zircon_10":1,"crystalcraft_unlimited_java:saphire":7,"born_in_chaos_v1:nightmare_claw":1,"minecraft:rotten_flesh":275,"minecraft:tropical_fish":1,"crystalcraft_unlimited_java:matizium_sword":1,"minecraft:cyan_terracotta":16,"toolleveling:tool_leveling_table":1,"crystalcraft_unlimited_java:raw_manganese":1,"alexscaves:smooth_bone_stairs":2,"crystalcraft_unlimited_java:mythril_sword":1,"crystalcraft_unlimited_java:amazonite":1,"minecraft:white_terracotta":7,"minecraft:cobblestone":572,"alexscaves:smooth_bone_slab":1,"celestial_artifacts:red_heart_necklace":1,"minecraft:feather":5,"minecraft:oxidized_copper":4,"born_in_chaos_v1:spiritual_dust":2,"minecraft:iron_door":4,"minecraft:water_bucket":2,"minecraft:andesite":97,"cataclysm:coral_bardiche":1,"minecraft:smoker":1,"minecraft:potato":1,"crystalcraft_unlimited_java:iris_agate":2,"alexsmobs:bear_fur":47,"minecraft:tuff":26,"create:raw_zinc":198,"minecraft:lapis_lazuli":1584,"minecraft:dirt":28,"minecraft:weathered_cut_copper":3,"aquamirae:fin":8,"crystalcraft_unlimited_java:grandidierite":8,"born_in_chaos_v1:monster_skin":1,"crystalcraft_unlimited_java:aquamarine":6,"crystalcraft_unlimited_java:topaz":3,"minecraft:bone":152,"crystalcraft_unlimited_java:malachite":2,"undead_revamp2:blacpetalblock":1,"minecraft:bow":4,"minecraft:wheat_seeds":1,"minecraft:raw_gold":305,"crystalcraft_unlimited_java:pink_ruby":2,"minecraft:mossy_stone_bricks":4,"crystalcraft_unlimited_java:cyan_emerald":1,"minecraft:moss_block":10,"minecraft:oak_planks":7,"crystalcraft_unlimited_java:stibnite":4,"alexscaves:rusty_scrap_metal_plate":21,"crystalcraft_unlimited_java:obsidian_stick":1,"minecraft:cooked_porkchop":7,"alexscaves:abyssmarine":537,"alexscaves:baleen_bone":2,"crystalcraft_unlimited_java:prism":7,"minecraft:sand":1,"celestial_artifacts:fang_necklace":2,"crystalcraft_unlimited_java:ammolite":6,"alexscaves:smooth_bone_wall":1,"alexscaves:bone_nodule":2,"minecraft:oxidized_cut_copper_slab":11,"minecraft:dark_prismarine":9,"undead_revamp2:heavytooth":1,"artifacts:plastic_drinking_hat":1,"minecraft:diamond":193,"minecraft:spruce_boat":16,"waystones:waystone":4,"minecraft:crossbow":11,"minecraft:granite":193,"alexscaves:hero_pottery_sherd":1,"minecraft:emerald":596,"minecraft:bread":4,"alexsmobs:maggot":2,"born_in_chaos_v1:rotten_fish":3,"minecraft:dark_oak_fence":1,"undead_revamp2:bostroxingot":5,"minecraft:crafting_table":2,"born_in_chaos_v1:diamond_termite_shard":7,"minecraft:coarse_dirt":2,"crystalcraft_unlimited_java:flourite":4,"minecraft:ladder":1,"minecraft:clay_ball":48,"born_in_chaos_v1:seedof_chaos":6,"born_in_chaos_v1:charmof_resistance":1,"crystalcraft_unlimited_java:jade":3,"gravestone:obituary":2,"minecraft:chain":4,"minecraft:moss_carpet":1,"minecraft:iron_axe":1,"minecraft:blackstone":24,"alexscaves:scrap_metal":2,"minecraft:cracked_stone_bricks":7,"born_in_chaos_v1:gnawed_bones":1,"minecraft:egg":2,"minecraft:raw_iron":3030,"crystalcraft_unlimited_java:raw_iridium":1,"minecraft:copper_ingot":1,"minecraft:spruce_fence":4,"minecraft:stone_button":3,"born_in_chaos_v1:pieceofdarkmetal":37,"minecraft:carrot":1,"minecraft:redstone":171,"crystalcraft_unlimited_java:amethyst":2,"born_in_chaos_v1:charmof_fury":1,"minecraft:arrow":569,"crystalcraft_unlimited_java:xernium_pickaxe":2,"born_in_chaos_v1:wood_splitter_axe":1,"alexscaves:block_of_chocolate":1,"minecraft:yellow_terracotta":5,"born_in_chaos_v1:spiny_shell":3,"crystalcraft_unlimited_java:peacock_topaz":1,"minecraft:gold_ingot":2,"undead_revamp2:wincallerfan":1,"minecraft:glow_berries":1,"minecraft:white_wool":6,"minecraft:skeleton_skull":1,"minecraft:bone_block":5,"born_in_chaos_v1:fused_bone":1,"undead_revamp2:bostroxset_boots":1,"regions_unexplored:peat_dirt":5,"born_in_chaos_v1:corpse_maggot":10,"crystalcraft_unlimited_java:ametrine":4,"crystalcraft_unlimited_java:black_opal":6,"minecraft:golden_carrot":1,"born_in_chaos_v1:monster_flesh":4,"born_in_chaos_v1:pumpkin_staff":1,"minecraft:glow_ink_sac":10,"crystalcraft_unlimited_java:rare_sapphire":3,"doggytalents:rice_grains":2,"crystalcraft_unlimited_java:rutile":1,"alexscaves:depth_glass":15,"minecraft:oak_log":4,"minecraft:yellow_bed":1,"minecraft:gunpowder":14,"crystalcraft_unlimited_java:matizium":2,"minecraft:white_banner":1,"minecraft:cooked_mutton":136,"born_in_chaos_v1:soul_cutlass":1,"minecraft:stone_bricks":3,"minecraft:iron_ingot":11,"minecraft:cooked_chicken":14,"crystalcraft_unlimited_java:chrysolite":5,"minecraft:iron_sword":1,"minecraft:flowering_azalea":1,"minecraft:oxidized_cut_copper":11,"moredelight:loaded_hamburger":32,"minecraft:smooth_basalt":1,"born_in_chaos_v1:lifestealer_bone":3,"crystalcraft_unlimited_java:raw_silver":1,"minecraft:red_wool":3,"born_in_chaos_v1:ethereal_spirit":13,"graveyard:ossuary":1,"minecraft:weathered_copper":3,"minecraft:gravel":4,"crystalcraft_unlimited_java:peacock_ore":1,"minecraft:white_bed":5,"minecraft:spruce_log":1,"alexscaves:bone_ribs":8,"minecraft:spruce_door":3,"minecraft:spider_eye":45,"minecraft:brick_slab":2,"alexscaves:smooth_bone":3,"minecraft:pumpkin_seeds":24,"alexscaves:mussel":1,"minecraft:diamond_axe":1,"crystalcraft_unlimited_java:raw_magnesium":3,"alexscaves:cave_map":1,"minecraft:black_wool":1,"minecraft:coal":86},"minecraft:dropped":{"minecraft:porkchop":9,"crystalcraft_unlimited_java:rainbow_axe_2":1,"minecraft:cooked_beef":7,"minecraft:diamond":15,"minecraft:crafting_table":2,"minecraft:cooked_porkchop":7,"crystalcraft_unlimited_java:matizium_armor_leggings":1,"crystalcraft_unlimited_java:prism":7,"minecraft:leather":7,"alexsmobs:bison_fur":11,"minecraft:emerald":4,"alexscaves:abyssmarine":64,"minecraft:chain":4,"gravestone:obituary":1,"alexscaves:scrap_metal":2,"alexscaves:cave_map":1,"minecraft:axolotl_bucket":1,"minecraft:birch_log":6,"minecraft:white_wool":1,"minecraft:bone":5,"usefulbackpacks:backpack_large":1,"minecraft:sugar_cane":9,"minecraft:cobbled_deepslate":33,"minecraft:wheat":2,"born_in_chaos_v1:ethereal_spirit":2,"minecraft:rotten_flesh":15,"born_in_chaos_v1:smoked_flesh":4,"celestial_artifacts:fang_necklace":2,"crystalcraft_unlimited_java:matizium_armor_helmet":1,"minecraft:beef":82,"crystalcraft_unlimited_java:matizium_sword":2,"minecraft:enchanted_book":1,"minecraft:bread":2,"minecraft:iron_ingot":9,"crystalcraft_unlimited_java:xernium_pickaxe":1,"born_in_chaos_v1:holiday_candy":27,"minecraft:book":48,"crystalcraft_unlimited_java:matizium_armor_chestplate":1,"born_in_chaos_v1:soul_cutlass":1,"minecraft:spruce_fence_gate":1,"minecraft:cobweb":4,"celestial_artifacts:red_heart_necklace":1,"born_in_chaos_v1:pumpkin_staff":1,"undead_revamp2:wincallerfan":1,"minecraft:string":6,"minecraft:bucket":1,"minecraft:furnace":2,"alexsmobs:maggot":1,"minecraft:raw_copper":26,"minecraft:spruce_fence":2,"alexsmobs:bear_fur":10,"minecraft:blast_furnace":2,"crystalcraft_unlimited_java:matizium_armor_boots":1,"minecraft:shield":1,"minecraft:spruce_planks":1,"minecraft:mossy_stone_bricks":3,"crystalcraft_unlimited_java:amber":1,"crystalcraft_unlimited_java:matizium_pickaxe":2},"minecraft:killed":{"born_in_chaos_v1:lifestealer_true_form":1,"minecraft:cave_spider":3,"born_in_chaos_v1:mr_pumpkin":5,"born_in_chaos_v1:zombie_lumberjack":2,"minecraft:spider":3,"born_in_chaos_v1:siamese_skeletonsright":1,"undead_revamp2:theswarmer":1,"born_in_chaos_v1:scarlet_persecutor":3,"minecraft:skeleton":19,"alexscaves:mine_guardian":5,"minecraft:bee":1,"minecraft:chicken":1,"born_in_chaos_v1:skeleton_thrasher":1,"undead_revamp2:therod":1,"undead_revamp2:thespitter":2,"artifacts:mimic":1,"minecraft:pig":1,"alexsmobs:grizzly_bear":6,"minecraft:zombie_villager":2,"born_in_chaos_v1:diamond_termite":6,"minecraft:creeper":5,"minecraft:sheep":7,"undead_revamp2:theordure":1,"minecraft:pillager":27,"born_in_chaos_v1:zombie_fisherman":1,"undead_revamp2:slaveman":1,"cataclysm:deepling_brute":1,"minecraft:zombie":22,"born_in_chaos_v1:dread_hound":5,"alexsmobs:sunbird":1,"born_in_chaos_v1:corpse_fly":7,"undead_revamp2:theskeeper":1,"alexsmobs:fly":1,"born_in_chaos_v1:missioner":3,"undead_revamp2:thehunter":6,"undead_revamp2:thegliter":1,"alexsmobs:raccoon":1,"minecraft:vindicator":6,"born_in_chaos_v1:thornshell_crab":2,"born_in_chaos_v1:zombie_bruiser":3,"born_in_chaos_v1:maggot":5,"eyesinthedarkness:eyes":1,"born_in_chaos_v1:pumpkinhead":1,"minecraft:drowned":2,"cataclysm:lionfish":4,"undead_revamp2:sucker":1,"born_in_chaos_v1:siamese_skeletons":1,"cataclysm:deepling_angler":4,"born_in_chaos_v1:spiritof_chaos":1,"born_in_chaos_v1:fallen_chaos_knight":1,"born_in_chaos_v1:felsteed":1,"aquamirae:maw":10,"born_in_chaos_v1:baby_skeleton":2,"born_in_chaos_v1:swarmer":1,"undead_revamp2:the_moonflower":11,"alexsmobs:rhinoceros":1,"born_in_chaos_v1:decrepit_skeleton":11,"born_in_chaos_v1:phantom_creeper_copy":1,"undead_revamp2:thesomnolence":6,"born_in_chaos_v1:decaying_zombie":8,"born_in_chaos_v1:dark_vortex":1,"born_in_chaos_v1:nightmare_stalker":1},"minecraft:custom":{"minecraft:interact_with_crafting_table":15,"minecraft:open_barrel":29,"minecraft:leave_game":13,"minecraft:time_since_death":463279,"minecraft:sprint_one_cm":983158,"minecraft:damage_blocked_by_shield":135,"minecraft:drop":69,"minecraft:talked_to_villager":5,"minecraft:play_time":463279,"minecraft:jump":5130,"minecraft:walk_on_water_one_cm":82648,"minecraft:enchant_item":15,"minecraft:interact_with_furnace":16,"minecraft:traded_with_villager":1,"minecraft:sleep_in_bed":8,"minecraft:waystone_activated":10,"minecraft:damage_dealt":43512,"minecraft:player_kills":1,"minecraft:crouch_one_cm":29351,"minecraft:interact_with_smithing_table":7,"minecraft:mob_kills":248,"minecraft:damage_dealt_resisted":3920,"minecraft:climb_one_cm":21313,"minecraft:walk_one_cm":666917,"minecraft:sneak_time":13303,"minecraft:walk_under_water_one_cm":189492,"minecraft:interact_with_lectern":1,"minecraft:total_world_time":463279,"minecraft:raid_trigger":1,"minecraft:time_since_rest":82934,"minecraft:damage_taken":981,"minecraft:swim_one_cm":299879,"minecraft:fly_one_cm":1507486,"minecraft:open_chest":226,"minecraft:fall_one_cm":129243},"minecraft:mined":{"minecraft:dark_prismarine_stairs":1,"crystalcraft_unlimited_java:zircon_ore":1,"crystalcraft_unlimited_java:amazonite_ore":1,"minecraft:spruce_planks":3,"minecraft:white_bed":4,"minecraft:weathered_cut_copper_slab":12,"minecraft:granite":384,"minecraft:grass_block":5,"crystalcraft_unlimited_java:amethyst_ore":2,"alexscaves:muck":1,"minecraft:spawner":1,"minecraft:smooth_stone":1,"crystalcraft_unlimited_java:peacock_ore_block":1,"minecraft:iron_ore":72,"minecraft:cobbled_deepslate":2,"alexscaves:abyssmarine_bricks":3,"alexscaves:rusty_scrap_metal":2,"graveyard:ossuary":1,"minecraft:black_carpet":2,"crystalcraft_unlimited_java:pink_ruby_ore":2,"minecraft:deepslate_lapis_ore":4,"crystalcraft_unlimited_java:grandidierite_ore":2,"alexscaves:bone_nodule":3,"crystalcraft_unlimited_java:prism_ore":3,"alexscaves:smooth_bone_slab":11,"minecraft:oak_stairs":3,"alexscaves:rusty_scrap_metal_plate":43,"crystalcraft_unlimited_java:pitambari_neelam_ore":2,"minecraft:green_bed":1,"crystalcraft_unlimited_java:matizium_ore":2,"minecraft:deepslate_redstone_ore":2,"crystalcraft_unlimited_java:deepslate_prism_ore":4,"alexscaves:baleen_bone":3,"crystalcraft_unlimited_java:peacock_topaz_ore":3,"minecraft:cyan_terracotta":16,"minecraft:blackstone":25,"minecraft:smoker":1,"crystalcraft_unlimited_java:deepslate_magnesium_ore":2,"minecraft:clay":12,"minecraft:torch":2,"minecraft:light_gray_terracotta":23,"minecraft:blast_furnace":1,"alexscaves:thin_bone":2,"regions_unexplored:peat_grass_block":2,"minecraft:oxidized_copper":11,"minecraft:chest":1,"alexscaves:twilight_anemone":1,"minecraft:cobblestone":24,"alexscaves:rusty_scaffolding":3,"minecraft:oak_planks":3,"minecraft:bricks":7,"minecraft:iron_door":3,"crystalcraft_unlimited_java:stibnite_ore":5,"crystalcraft_unlimited_java:rare_deepslate_sapphire_ore":3,"minecraft:wall_torch":2,"minecraft:skeleton_skull":2,"minecraft:seagrass":1,"minecraft:white_terracotta":7,"minecraft:chain":26,"crystalcraft_unlimited_java:iridium_ore":1,"crystalcraft_unlimited_java:deepslate_sapphire_ore":10,"crystalcraft_unlimited_java:deepslate_black_opal_ore":3,"minecraft:jukebox":1,"minecraft:stone_brick_stairs":4,"crystalcraft_unlimited_java:black_opal_ore":3,"minecraft:grass":8,"crystalcraft_unlimited_java:deepslate_aquamarine_ore":6,"regions_unexplored:peat_dirt":3,"minecraft:sand":2,"minecraft:dirt":10,"crystalcraft_unlimited_java:deepslate_flourite_ore":4,"minecraft:smooth_basalt":2,"crystalcraft_unlimited_java:iris_agate_ore":2,"crystalcraft_unlimited_java:rutile_ore":1,"minecraft:deepslate":843,"minecraft:yellow_terracotta":7,"create:zinc_ore":10,"minecraft:dark_prismarine":10,"minecraft:tuff":48,"alexscaves:hollow_bone":2,"crystalcraft_unlimited_java:ametrine_ore":4,"crystalcraft_unlimited_java:deepslate_grand_ore":7,"minecraft:deepslate_diamond_ore":6,"alexscaves:bone_ribs":13,"born_in_chaos_v1:infected_diamond_ore":3,"crystalcraft_unlimited_java:deepslate_topaz_ore":3,"gravestone:gravestone":1,"minecraft:dark_oak_fence":2,"minecraft:stone_button":2,"alexscaves:abyssmarine":633,"minecraft:spruce_fence":4,"minecraft:weathered_copper":5,"crystalcraft_unlimited_java:deepslate_jade_ore":3,"alexscaves:bone_worms":3,"minecraft:spruce_leaves":5,"minecraft:moss_block":11,"regions_unexplored:raw_redstone_block":2,"alexscaves:mussel":1,"minecraft:oxidized_cut_copper":21,"minecraft:redstone_ore":1,"crystalcraft_unlimited_java:malachite_ore":2,"minecraft:andesite":121,"crystalcraft_unlimited_java:deepslate_peridot_ore":1,"minecraft:deepslate_iron_ore":21,"toolleveling:tool_leveling_table":1,"minecraft:oxidized_cut_copper_slab":16,"minecraft:packed_ice":3,"crystalcraft_unlimited_java:amber_ore":2,"regions_unexplored:medium_grass":1,"minecraft:stone":736,"minecraft:bone_block":6,"crystalcraft_unlimited_java:silver_ore":1,"alexscaves:abyssmarine_brick_stairs":1,"minecraft:smithing_table":1,"alexscaves:smooth_bone_stairs":6,"minecraft:waxed_weathered_cut_copper_stairs":2,"minecraft:flowering_azalea":1,"minecraft:red_wool":3,"alexscaves:abyssmarine_tiles":2,"create_new_age:magnetite_block":1,"minecraft:spruce_door":3,"minecraft:crafting_table":2,"minecraft:emerald_ore":1,"minecraft:lightning_rod":1,"minecraft:copper_ore":16,"minecraft:tall_grass":10,"alexscaves:smooth_bone":7,"minecraft:lapis_ore":3,"minecraft:deepslate_gold_ore":5,"crystalcraft_unlimited_java:cyan_emerald_ore":1,"alexscaves:block_of_frosted_chocolate":1,"crystalcraft_unlimited_java:magnesium_ore":3,"minecraft:coarse_dirt":2,"minecraft:brick_slab":2,"alexscaves:depth_glass":36,"crystalcraft_unlimited_java:deepslate_tantalum_ore":1,"crystalcraft_unlimited_java:deepslate_ammolite_ore":6,"alexscaves:abyssmarine_stairs":1,"crystalcraft_unlimited_java:deepslate_matizium_ore":1,"minecraft:creeper_head":1,"alexscaves:rusty_barrel":2,"minecraft:weathered_cut_copper":4,"minecraft:quartz_pillar":3,"minecraft:yellow_bed":1,"minecraft:coal_ore":15,"minecraft:gravel":2,"crystalcraft_unlimited_java:deepslate_manganese_ore":2,"minecraft:cobweb":11,"minecraft:cracked_stone_bricks":7,"crystalcraft_unlimited_java:deepslate_chrysolite_ore":5,"alexscaves:smooth_bone_wall":7,"minecraft:stone_bricks":5,"minecraft:mossy_stone_bricks":5,"minecraft:gold_ore":3,"minecraft:deepslate_emerald_ore":1,"minecraft:iron_trapdoor":1}},"DataVersion":3465}