{"stats":{"minecraft:custom":{"minecraft:time_since_rest":2078,"minecraft:open_chest":42,"minecraft:crouch_one_cm":2680,"minecraft:sprint_one_cm":18744,"minecraft:interact_with_furnace":11,"minecraft:play_time":48923,"minecraft:walk_one_cm":28544,"minecraft:sneak_time":1741,"minecraft:walk_under_water_one_cm":5586,"minecraft:mob_kills":3,"minecraft:jump":194,"minecraft:damage_dealt":600,"minecraft:leave_game":3,"minecraft:walk_on_water_one_cm":1717,"minecraft:time_since_death":48923,"minecraft:sleep_in_bed":1,"minecraft:total_world_time":48923,"minecraft:interact_with_crafting_table":2,"minecraft:fall_one_cm":894,"minecraft:fly_one_cm":121302},"minecraft:used":{"minecraft:torch":47,"minecraft:stone_sword":13,"minecraft:cobblestone":109,"minecraft:crafting_table":2,"securitycraft:secret_sign_item":4,"minecraft:furnace":3,"minecraft:grass_block":8,"minecraft:white_bed":1,"minecraft:chest":4,"minecraft:obsidian":8},"minecraft:crafted":{"minecraft:spruce_planks":1024},"minecraft:killed":{"minecraft:skeleton":3},"minecraft:picked_up":{"minecraft:bone":2,"minecraft:torch":1}},"DataVersion":3465}