{"stats":{"minecraft:custom":{"minecraft:interact_with_crafting_table":25,"minecraft:open_barrel":63,"minecraft:leave_game":24,"minecraft:time_since_death":884954,"minecraft:damage_blocked_by_shield":905,"minecraft:play_time":884954,"minecraft:jump":11441,"minecraft:enchant_item":29,"minecraft:interact_with_furnace":29,"minecraft:traded_with_villager":21,"minecraft:sleep_in_bed":10,"minecraft:waystone_activated":16,"minecraft:damage_dealt":127427,"minecraft:interact_with_smithing_table":25,"minecraft:interact_with_anvil":7,"minecraft:damage_dealt_absorbed":930,"minecraft:sneak_time":42555,"minecraft:interact_with_lectern":1,"minecraft:total_world_time":884954,"minecraft:time_since_rest":89040,"minecraft:swim_one_cm":489121,"minecraft:fly_one_cm":3865492,"minecraft:open_chest":534,"minecraft:fall_one_cm":425909,"minecraft:damage_resisted":265,"minecraft:sprint_one_cm":2500100,"minecraft:drop":174,"minecraft:talked_to_villager":17,"minecraft:walk_on_water_one_cm":166269,"minecraft:player_kills":3,"minecraft:crouch_one_cm":123450,"minecraft:mob_kills":943,"minecraft:damage_dealt_resisted":20935,"minecraft:climb_one_cm":46229,"minecraft:walk_one_cm":1569081,"minecraft:walk_under_water_one_cm":271002,"spartanshields:shield_bash_hits":4,"minecraft:raid_trigger":1,"minecraft:interact_with_grindstone":1,"minecraft:damage_taken":5612,"minecraft:damage_absorbed":327},"minecraft:used":{"minecraft:ladder":12,"minecraft:black_carpet":1,"minecraft:chest":27,"minecraft:stone":6,"spartanshields:netherite_tower_shield":10,"minecraft:soul_sand":4,"crystalcraft_unlimited_java:neptunium_armor_chestplate":2,"minecraft:brick_slab":2,"minecraft:spruce_boat":18,"minecraft:netherite_shovel":267,"securitycraft:secret_sign_item":4,"minecraft:grass_block":15,"minecraft:bow":1,"minecraft:furnace":12,"minecraft:spruce_door":3,"minecraft:blackstone_stairs":2,"minecraft:orange_tulip":4,"minecraft:blackstone":54,"minecraft:golden_apple":9,"born_in_chaos_v1:holiday_candy":5,"minecraft:birch_fence":117,"born_in_chaos_v1:monster_flesh":1,"alexscaves:abyssmarine":122,"spartanshields:diamond_tower_shield":18,"minecraft:smithing_table":2,"minecraft:birch_log":176,"minecraft:stone_sword":14,"minecraft:enchanting_table":4,"regions_unexplored:magnolia_boat":7,"minecraft:armor_stand":2,"minecraft:netherrack":68,"minecraft:torch":134,"minecraft:brewing_stand":1,"regions_unexplored:hyssop":1,"alexscaves:block_of_chocolate":1,"regions_unexplored:daisy":1,"minecraft:smooth_basalt":1,"cataclysm:nameless_sorcerer_spawn_egg":1,"minecraft:cobbled_deepslate":129,"minecraft:water_bucket":221,"minecraft:birch_planks":185,"graveyard:ossuary":1,"minecraft:polished_blackstone_bricks":49,"minecraft:cracked_stone_bricks":25,"minecraft:mossy_cobblestone":7,"minecraft:crafting_table":10,"minecraft:red_bed":1,"minecraft:white_bed":11,"toolleveling:tool_leveling_table":2,"minecraft:cobblestone":502,"minecraft:jukebox":1,"crystalcraft_unlimited_java:radium_armor_boots":5,"minecraft:white_terracotta":7,"minecraft:iron_sword":3,"minecraft:iron_chestplate":1,"crystalcraft_unlimited_java:radium_sword":55,"minecraft:nether_bricks":3,"alexscaves:rock_candy_cyan":14,"minecraft:axolotl_bucket":1,"minecraft:obsidian":24,"minecraft:glass":20,"born_in_chaos_v1:corpse_maggot":1,"minecraft:cyan_terracotta":6,"crystalcraft_unlimited_java:neptunium_armor_helmet":1,"create:scoria":35,"minecraft:iron_helmet":1,"minecraft:stone_bricks":42,"crystalcraft_unlimited_java:galaxite_armor_helmet":1,"minecraft:wither_skeleton_skull":4,"minecraft:birch_leaves":797,"minecraft:gray_carpet":1,"minecraft:oak_planks":15,"minecraft:diamond_axe":15,"minecraft:light_gray_terracotta":11,"minecraft:shears":40,"alexscaves:rock_candy_purple":1,"regions_unexplored:fireweed":1,"waystones:waystone":12,"minecraft:birch_fence_gate":3,"crystalcraft_unlimited_java:xernium_pickaxe":14284,"minecraft:gravel":1,"minecraft:andesite":2,"minecraft:coarse_dirt":2,"minecraft:netherite_sword":19,"minecraft:white_tulip":9,"minecraft:flint_and_steel":2,"minecraft:tropical_fish":1,"undead_revamp2:blacpetalblock":1,"minecraft:spruce_planks":9,"crystalcraft_unlimited_java:neptunium_armor_boots":1,"crystalcraft_unlimited_java:radium_armor_chestplate":4,"twilightforest:cracked_etched_nagastone":2,"crystalcraft_unlimited_java:radium_armor_helmet":6,"minecraft:dirt":2,"cataclysm:deepling_angler_spawn_egg":1,"minecraft:granite":8,"minecraft:birch_door":1,"crystalcraft_unlimited_java:radium_pickaxe":27,"minecraft:bookshelf":11,"minecraft:iron_boots":1,"minecraft:netherite_pickaxe":17,"minecraft:cooked_beef":3,"crystalcraft_unlimited_java:mythril_sword":638,"minecraft:iron_leggings":1,"crystalcraft_unlimited_java:neptunium_armor_leggings":1,"minecraft:cobblestone_stairs":72,"undead_revamp2:wincallerfan":7,"crystalcraft_unlimited_java:radium_armor_leggings":5,"minecraft:red_nether_bricks":5,"regions_unexplored:peat_dirt":3,"regions_unexplored:magnolia_planks":13,"minecraft:apple":1,"minecraft:cracked_polished_blackstone_bricks":2,"minecraft:netherite_axe":105,"minecraft:stone_slab":4,"alexscaves:rock_candy_lime":1,"moredelight:loaded_hamburger":110,"alexscaves:cake_layer":22,"minecraft:bucket":171,"minecraft:yellow_bed":1,"minecraft:birch_stairs":8},"minecraft:crafted":{"spartanshields:wooden_tower_shield":1,"waystones:waystone":2,"minecraft:diamond_helmet":1,"minecraft:diamond_leggings":1,"blue_skies:blue_journal":1,"spartanshields:diamond_tower_shield":1,"minecraft:emerald":8,"minecraft:diamond_axe":2,"minecraft:spruce_door":15,"minecraft:snout_armor_trim_smithing_template":2,"minecraft:smithing_table":2,"waystones:warp_stone":2,"crystalcraft_unlimited_java:neptunium_armor_boots":1,"crystalcraft_unlimited_java:radium_armor_boots":1,"minecraft:netherite_ingot":1,"minecraft:netherite_axe":1,"minecraft:diamond_boots":1,"minecraft:spruce_boat":2,"regions_unexplored:magnolia_planks":48,"minecraft:red_bed":1,"crystalcraft_unlimited_java:neptunium_armor_helmet":1,"crystalcraft_unlimited_java:radium_armor_helmet":1,"minecraft:oak_planks":16,"minecraft:stone":17,"minecraft:chest":5,"minecraft:stone_bricks":12,"crystalcraft_unlimited_java:neptunium_armor_chestplate":1,"minecraft:crafting_table":7,"minecraft:spruce_planks":1028,"minecraft:stick":12,"regions_unexplored:magnolia_boat":1,"crystalcraft_unlimited_java:radium_armor_leggings":1,"minecraft:furnace":2,"crystalcraft_unlimited_java:neptunium_armor_leggings":1,"minecraft:air":0,"minecraft:bread":1,"minecraft:netherite_shovel":2,"minecraft:acacia_planks":4,"minecraft:lapis_lazuli":12,"minecraft:diamond_chestplate":1},"minecraft:mined":{"minecraft:dark_oak_planks":26,"crystalcraft_unlimited_java:topaz_ore":2,"minecraft:dark_prismarine_stairs":1,"crystalcraft_unlimited_java:zircon_ore":3,"crystalcraft_unlimited_java:amazonite_ore":1,"minecraft:blackstone_stairs":4,"minecraft:white_bed":4,"minecraft:weathered_cut_copper_slab":12,"regions_unexplored:magnolia_log":14,"minecraft:red_nether_bricks":24,"crystalcraft_unlimited_java:chrome_ore":1,"minecraft:obsidian":12,"regions_unexplored:cattail":2,"crystalcraft_unlimited_java:yurium_ore":2,"minecraft:granite":384,"minecraft:coal_block":7,"minecraft:deepslate_tile_stairs":1,"alexscaves:muck":1,"twilightforest:nagastone_pillar":3,"minecraft:spawner":9,"crystalcraft_unlimited_java:turquoise_ore":4,"minecraft:polished_blackstone_bricks":215,"minecraft:magma_block":1,"minecraft:mossy_cobblestone_stairs":1,"crystalcraft_unlimited_java:peacock_ore_block":1,"minecraft:fire":14,"minecraft:barrel":3,"minecraft:cobbled_deepslate":3,"graveyard:ossuary":1,"crystalcraft_unlimited_java:pink_ruby_ore":2,"minecraft:deepslate_lapis_ore":6,"crystalcraft_unlimited_java:grandidierite_ore":5,"crystalcraft_unlimited_java:sapphire_ore":1,"minecraft:nether_brick_stairs":12,"minecraft:enchanting_table":1,"minecraft:dirt_path":5,"alexscaves:smooth_bone_slab":11,"minecraft:oak_stairs":5,"alexscaves:rock_candy_yellow":12,"crystalcraft_unlimited_java:pitambari_neelam_ore":2,"create:limestone":6,"alexscaves:baleen_bone":3,"crystalcraft_unlimited_java:kunzite_ore":1,"minecraft:smoker":3,"minecraft:crimson_nylium":44,"minecraft:soul_fire":74,"minecraft:deepslate_tile_slab":2,"crystalcraft_unlimited_java:deepslate_magnesium_ore":4,"crystalcraft_unlimited_java:tourmaline_ore":4,"born_in_chaos_v1:infected_deepslate_diamond_ore":2,"minecraft:torch":2,"minecraft:blast_furnace":1,"regions_unexplored:peat_grass_block":3,"alexscaves:thin_bone":2,"minecraft:oxidized_copper":11,"create:scoria":93,"minecraft:nether_brick_slab":2,"minecraft:bricks":7,"crystalcraft_unlimited_java:stibnite_ore":7,"crystalcraft_unlimited_java:rare_deepslate_sapphire_ore":3,"alexscaves:cake_layer":144,"minecraft:skeleton_skull":2,"minecraft:white_terracotta":7,"minecraft:chain":27,"crystalcraft_unlimited_java:iridium_ore":1,"crystalcraft_unlimited_java:deepslate_titanium_ore":1,"crystalcraft_unlimited_java:deepslate_sapphire_ore":10,"crystalcraft_unlimited_java:lead_ore":2,"crystalcraft_unlimited_java:deepslate_black_opal_ore":3,"minecraft:jukebox":1,"butcher:sulfurore":1,"crystalcraft_unlimited_java:black_opal_ore":3,"minecraft:stone_brick_stairs":8,"minecraft:grass":19,"minecraft:infested_mossy_stone_bricks":1,"minecraft:smooth_basalt":5,"alexscaves:cookie_block":1,"minecraft:deepslate":4074,"regions_unexplored:fireweed":1,"regions_unexplored:glistering_sprout":1,"create:zinc_ore":13,"minecraft:yellow_terracotta":7,"minecraft:dark_prismarine":10,"crystalcraft_unlimited_java:deepslate_ametyst_ore":1,"alexscaves:hollow_bone":2,"minecraft:light_blue_wool":1,"minecraft:mossy_cobblestone":10,"crystalcraft_unlimited_java:deepslate_grand_ore":11,"alexscaves:bone_ribs":13,"minecraft:stripped_birch_log":1,"minecraft:dark_oak_log":5,"alexscaves:rock_candy_white":10,"minecraft:nether_bricks":36,"minecraft:dark_oak_fence":36,"minecraft:allium":1,"alexscaves:abyssmarine":633,"minecraft:spruce_fence":4,"born_in_chaos_v1:black_argillite":33,"crystalcraft_unlimited_java:deepslate_jade_ore":3,"minecraft:crimson_roots":1,"regions_unexplored:maple_leaves":1,"minecraft:lime_wool":6,"minecraft:moss_block":11,"crystalcraft_unlimited_java:iolite_ore":2,"blue_skies:frostbright_bookshelf":2,"alexscaves:mussel":1,"minecraft:redstone_ore":1,"crystalcraft_unlimited_java:malachite_ore":2,"minecraft:andesite":225,"crystalcraft_unlimited_java:deepslate_peridot_ore":1,"crystalcraft_unlimited_java:tungsten_ore":1,"minecraft:mossy_stone_brick_stairs":1,"minecraft:bone_block":6,"minecraft:white_wool":7,"minecraft:green_wool":7,"alexscaves:abyssmarine_brick_stairs":1,"minecraft:smithing_table":1,"alexscaves:smooth_bone_stairs":6,"minecraft:waxed_weathered_cut_copper_stairs":2,"minecraft:chiseled_nether_bricks":1,"minecraft:soul_sand":23,"minecraft:stone_brick_slab":2,"create_new_age:magnetite_block":3,"minecraft:dandelion":2,"minecraft:emerald_ore":1,"minecraft:lightning_rod":1,"minecraft:copper_ore":36,"minecraft:tall_grass":11,"alexscaves:smooth_bone":7,"minecraft:deepslate_gold_ore":13,"crystalcraft_unlimited_java:deepslate_sardonyx_ore":4,"crystalcraft_unlimited_java:cyan_emerald_ore":1,"crystalcraft_unlimited_java:magnesium_ore":3,"minecraft:coarse_dirt":4,"crystalcraft_unlimited_java:deepslate_ammolite_ore":6,"alexscaves:depth_glass":36,"crystalcraft_unlimited_java:deepslate_matizium_ore":1,"crystalcraft_unlimited_java:alexandrite_ore":1,"minecraft:creeper_head":1,"alexscaves:rusty_barrel":2,"minecraft:weathered_cut_copper":4,"minecraft:quartz_pillar":3,"minecraft:gravel":9,"minecraft:cobweb":11,"minecraft:polished_blackstone":10,"minecraft:stone_bricks":161,"minecraft:gold_ore":3,"minecraft:deepslate_emerald_ore":1,"minecraft:iron_trapdoor":2,"minecraft:fern":1,"alexscaves:sweet_puff":2,"minecraft:spruce_planks":4,"minecraft:cobblestone_stairs":5,"minecraft:brewing_stand":1,"crystalcraft_unlimited_java:medusa_quartz_ore":1,"minecraft:grass_block":16,"minecraft:cracked_polished_blackstone_bricks":170,"alexscaves:rock_candy_purple":23,"minecraft:polished_blackstone_brick_slab":1,"crystalcraft_unlimited_java:amethyst_ore":2,"crystalcraft_unlimited_java:catseye_ore":1,"minecraft:smooth_stone":1,"minecraft:glowstone":27,"minecraft:red_nether_brick_stairs":2,"minecraft:iron_ore":88,"regions_unexplored:mossy_stone":1,"alexscaves:abyssmarine_bricks":3,"alexscaves:rusty_scrap_metal":2,"minecraft:black_carpet":2,"create:asurine":263,"alexscaves:rock_candy_orange":10,"crystalcraft_unlimited_java:garnet_ore":2,"alexscaves:bone_nodule":3,"alexscaves:rock_candy_lime":13,"crystalcraft_unlimited_java:prism_ore":9,"minecraft:iron_bars":19,"alexscaves:rusty_scrap_metal_plate":43,"minecraft:green_bed":1,"crystalcraft_unlimited_java:matizium_ore":3,"crystalcraft_unlimited_java:deepslate_prism_ore":9,"minecraft:deepslate_redstone_ore":3,"crystalcraft_unlimited_java:peacock_topaz_ore":3,"minecraft:polished_blackstone_wall":1,"minecraft:cyan_terracotta":288,"minecraft:blackstone":100,"alexscaves:licoroot":2,"minecraft:clay":12,"minecraft:light_gray_terracotta":36,"minecraft:calcite":249,"minecraft:mossy_cobblestone_wall":1,"minecraft:chest":2,"alexscaves:twilight_anemone":1,"minecraft:nether_quartz_ore":11,"minecraft:wither_skeleton_wall_skull":1,"minecraft:cobblestone":67,"alexscaves:rusty_scaffolding":3,"minecraft:grindstone":2,"minecraft:oak_planks":3,"minecraft:iron_door":10,"minecraft:wall_torch":4,"minecraft:seagrass":1,"minecraft:yellow_wool":6,"minecraft:light_gray_wool":2,"minecraft:orange_tulip":4,"minecraft:smooth_stone_slab":27,"crystalcraft_unlimited_java:deepslate_aquamarine_ore":6,"regions_unexplored:peat_dirt":3,"minecraft:sand":2,"minecraft:dirt":54,"crystalcraft_unlimited_java:deepslate_flourite_ore":4,"regions_unexplored:cobalt_nylium":5,"crystalcraft_unlimited_java:iris_agate_ore":2,"crystalcraft_unlimited_java:rutile_ore":1,"minecraft:ancient_debris":1,"minecraft:netherrack":1119,"regions_unexplored:glistering_nylium":17,"create:crimsite":94,"crystalcraft_unlimited_java:saphire_ore":2,"minecraft:nether_gold_ore":11,"minecraft:tuff":115,"crystalcraft_unlimited_java:ametrine_ore":4,"minecraft:blackstone_wall":1,"minecraft:deepslate_diamond_ore":11,"born_in_chaos_v1:infected_diamond_ore":3,"crystalcraft_unlimited_java:deepslate_topaz_ore":5,"gravestone:gravestone":1,"minecraft:chiseled_bookshelf":1,"minecraft:stone_button":2,"alexscaves:rock_candy_cyan":18,"minecraft:weathered_copper":5,"alexscaves:bone_worms":3,"crystalcraft_unlimited_java:tin_ore":1,"minecraft:spruce_leaves":10,"regions_unexplored:raw_redstone_block":2,"minecraft:cracked_nether_bricks":2,"crystalcraft_unlimited_java:deepslate_vanadium_ore":1,"minecraft:oxidized_cut_copper":22,"minecraft:furnace":1,"minecraft:polished_basalt":2,"minecraft:stripped_spruce_log":3,"minecraft:gold_block":16,"alexscaves:rock_candy_red":10,"minecraft:nether_brick_fence":6,"minecraft:bookshelf":4,"minecraft:deepslate_iron_ore":28,"toolleveling:tool_leveling_table":1,"minecraft:oxidized_cut_copper_slab":16,"minecraft:packed_ice":3,"minecraft:stripped_jungle_log":1,"crystalcraft_unlimited_java:jade_ore":1,"regions_unexplored:medium_grass":3,"crystalcraft_unlimited_java:amber_ore":2,"minecraft:stone":4506,"minecraft:white_tulip":10,"crystalcraft_unlimited_java:silver_ore":1,"minecraft:podzol":4,"minecraft:flowering_azalea":1,"minecraft:red_wool":3,"minecraft:infested_stone_bricks":4,"alexscaves:abyssmarine_tiles":2,"minecraft:stripped_dark_oak_log":3,"twilightforest:hedge":1,"minecraft:basalt":42,"minecraft:spruce_door":3,"minecraft:polished_granite":1,"minecraft:crafting_table":2,"minecraft:blackstone_slab":4,"crystalcraft_unlimited_java:fire_opal_ore":4,"minecraft:rose_bush":2,"minecraft:stone_slab":2,"minecraft:lapis_ore":3,"regions_unexplored:daisy":1,"minecraft:polished_blackstone_brick_stairs":7,"alexscaves:block_of_frosted_chocolate":22,"minecraft:birch_planks":1,"crystalcraft_unlimited_java:hackmantite_ore":1,"minecraft:brick_slab":2,"crystalcraft_unlimited_java:deepslate_tantalum_ore":1,"alexscaves:abyssmarine_stairs":1,"minecraft:polished_blackstone_slab":4,"minecraft:yellow_bed":1,"minecraft:black_wool":16,"minecraft:coal_ore":74,"minecraft:gray_carpet":1,"crystalcraft_unlimited_java:deepslate_manganese_ore":2,"minecraft:cracked_stone_bricks":57,"crystalcraft_unlimited_java:deepslate_chrysolite_ore":5,"alexscaves:smooth_bone_wall":7,"alexscaves:block_of_chocolate":25,"minecraft:polished_andesite":15,"minecraft:mossy_stone_bricks":64,"minecraft:birch_fence":5},"minecraft:killed":{"minecraft:cave_spider":3,"born_in_chaos_v1:mr_pumpkin":18,"born_in_chaos_v1:zombie_lumberjack":7,"born_in_chaos_v1:restless_spirit":1,"born_in_chaos_v1:skeleton_demoman":1,"born_in_chaos_v1:sir_the_headless":3,"born_in_chaos_v1:door_knight_not_despawn":1,"twilightforest:lich_minion":1,"born_in_chaos_v1:siamese_skeletonsright":2,"undead_revamp2:theswarmer":3,"minecraft:skeleton":101,"alexscaves:mine_guardian":5,"twilightforest:lich":1,"minecraft:chicken":1,"born_in_chaos_v1:skeleton_thrasher":3,"alexsmobs:straddler":2,"alexscaves:candicorn":3,"undead_revamp2:thespitter":4,"minecraft:magma_cube":2,"undead_revamp2:theheavy":2,"alexscaves:caramel_cube":3,"minecraft:pillager":74,"undead_revamp2:slaveman":2,"minecraft:zombie":63,"born_in_chaos_v1:corpse_fly":16,"cataclysm:deepling":1,"minecraft:glow_squid":2,"born_in_chaos_v1:door_knight":4,"minecraft:cow":2,"minecraft:evoker":4,"undead_revamp2:thehunter":16,"alexsmobs:raccoon":1,"minecraft:vindicator":60,"undead_revamp2:bomber":4,"born_in_chaos_v1:thornshell_crab":2,"eyesinthedarkness:eyes":1,"born_in_chaos_v1:pumpkinhead":4,"twilightforest:death_tome":5,"cataclysm:deepling_angler":5,"born_in_chaos_v1:spiritof_chaos":1,"undead_revamp2:the_moonflower":24,"twilightforest:kobold":2,"minecraft:ravager":1,"alexsmobs:rhinoceros":2,"born_in_chaos_v1:decrepit_skeleton":25,"undead_revamp2:thesomnolence":7,"alexsmobs:crocodile":1,"born_in_chaos_v1:dark_vortex":7,"minecraft:enderman":4,"born_in_chaos_v1:lifestealer_true_form":1,"undead_revamp2:thewolf":4,"born_in_chaos_v1:zombie_clown":1,"minecraft:zombified_piglin":4,"minecraft:witch":2,"minecraft:spider":13,"cataclysm:netherite_monstrosity":1,"undead_revamp2:thesmoker":3,"minecraft:wither":1,"born_in_chaos_v1:scarlet_persecutor":3,"alexsmobs:banana_slug":1,"minecraft:bee":1,"alexscaves:gum_worm":1,"minecraft:silverfish":2,"undead_revamp2:therod":3,"minecraft:piglin_brute":17,"artifacts:mimic":2,"minecraft:piglin":24,"minecraft:pig":1,"alexsmobs:grizzly_bear":6,"minecraft:zombie_villager":7,"born_in_chaos_v1:diamond_termite":11,"minecraft:creeper":15,"alexscaves:gingerbread_man":1,"alexsmobs:crimson_mosquito":2,"minecraft:sheep":7,"undead_revamp2:theordure":1,"born_in_chaos_v1:zombie_fisherman":1,"alexscaves:caniac":4,"cataclysm:deepling_brute":2,"alexscaves:licowitch":1,"born_in_chaos_v1:dread_hound":16,"alexsmobs:sunbird":1,"minecraft:ghast":1,"undead_revamp2:theskeeper":1,"alexsmobs:fly":1,"minecraft:blaze":18,"born_in_chaos_v1:siamese_skeletonsleft":1,"minecraft:vex":10,"undead_revamp2:bigsucker":16,"born_in_chaos_v1:missioner":5,"undead_revamp2:thegliter":2,"born_in_chaos_v1:zombie_bruiser":5,"born_in_chaos_v1:maggot":19,"minecraft:phantom":3,"twilightforest:swarm_spider":1,"alexscaves:gummy_bear":2,"cataclysm:lionfish":5,"minecraft:drowned":2,"born_in_chaos_v1:corpse_fish":2,"undead_revamp2:thehorrors":1,"undead_revamp2:sucker":80,"born_in_chaos_v1:siamese_skeletons":2,"born_in_chaos_v1:fallen_chaos_knight":2,"born_in_chaos_v1:felsteed":4,"aquamirae:maw":10,"born_in_chaos_v1:baby_skeleton":5,"born_in_chaos_v1:swarmer":2,"born_in_chaos_v1:phantom_creeper_copy":1,"born_in_chaos_v1:decaying_zombie":15,"sons_of_sins:betrayed_guzzler":2,"born_in_chaos_v1:nightmare_stalker":3,"minecraft:wither_skeleton":24,"born_in_chaos_v1:decaying_zombie_not_despawn":1},"minecraft:dropped":{"minecraft:porkchop":9,"crystalcraft_unlimited_java:rainbow_axe_2":1,"minecraft:lapis_lazuli":192,"minecraft:cooked_beef":7,"minecraft:diamond":32,"minecraft:crafting_table":2,"minecraft:cooked_porkchop":7,"crystalcraft_unlimited_java:prism":7,"crystalcraft_unlimited_java:matizium_armor_leggings":1,"minecraft:cracked_stone_bricks":6,"minecraft:emerald":8,"born_in_chaos_v1:monster_flesh":1,"minecraft:dirt":6,"alexscaves:abyssmarine":64,"minecraft:chain":4,"alexscaves:scrap_metal":2,"minecraft:phantom_membrane":2,"minecraft:dark_oak_planks":1,"minecraft:white_wool":1,"minecraft:bone":35,"alexscaves:sweetish_fish_red":8,"usefulbackpacks:backpack_large":1,"minecraft:sugar_cane":9,"minecraft:cobbled_deepslate":126,"minecraft:wheat":2,"minecraft:rotten_flesh":17,"born_in_chaos_v1:smoked_flesh":8,"minecraft:netherite_shovel":1,"crystalcraft_unlimited_java:matizium_armor_helmet":1,"minecraft:nether_brick_fence":2,"alexscaves:sweet_tooth":1,"create:limestone":5,"minecraft:beef":82,"cataclysm:infernal_forge":1,"crystalcraft_unlimited_java:matizium_sword":2,"minecraft:enchanted_book":3,"minecraft:iron_ingot":9,"moredelight:loaded_hamburger":7,"born_in_chaos_v1:holiday_candy":27,"minecraft:cobblestone":86,"minecraft:book":49,"born_in_chaos_v1:soul_cutlass":1,"minecraft:coal_block":2,"minecraft:polished_andesite":6,"minecraft:cobweb":4,"undead_revamp2:wincallerfan":1,"minecraft:rose_bush":1,"alexscaves:radiant_essence":1,"regions_unexplored:silver_birch_leaf_pile":13,"minecraft:paper":30,"minecraft:string":11,"minecraft:furnace":2,"sophisticatedbackpacks:backpack":1,"minecraft:spruce_fence":2,"minecraft:blast_furnace":2,"minecraft:spruce_planks":553,"crystalcraft_unlimited_java:amber":1,"minecraft:bow":2,"crystalcraft_unlimited_java:matizium_pickaxe":2,"minecraft:ender_pearl":2,"minecraft:lantern":1,"minecraft:leather":7,"create:crimsite":140,"alexsmobs:bison_fur":11,"minecraft:flint":2,"born_in_chaos_v1:monster_skin":3,"gravestone:obituary":1,"alexscaves:cave_map":2,"minecraft:axolotl_bucket":1,"minecraft:birch_log":6,"born_in_chaos_v1:ethereal_spirit":3,"celestial_artifacts:fang_necklace":2,"minecraft:chest":1,"doggytalents:rice_grains":3,"minecraft:blackstone_slab":4,"minecraft:bread":2,"crystalcraft_unlimited_java:xernium_pickaxe":1,"minecraft:mossy_cobblestone":1,"minecraft:bookshelf":8,"minecraft:copper_ingot":1098,"twilightforest:twilight_oak_sapling":1,"crystalcraft_unlimited_java:matizium_armor_chestplate":1,"minecraft:spruce_fence_gate":1,"celestial_artifacts:red_heart_necklace":1,"crystalcraft_unlimited_java:sardonyx":1,"born_in_chaos_v1:pumpkin_staff":1,"crystalcraft_unlimited_java:radium_pickaxe":2,"minecraft:iron_axe":2,"minecraft:bucket":1,"cataclysm:music_disc_netherite_monstrosity":1,"alexsmobs:maggot":1,"minecraft:raw_copper":26,"minecraft:totem_of_undying":2,"alexsmobs:bear_fur":10,"crystalcraft_unlimited_java:matizium_armor_boots":1,"minecraft:shield":1,"minecraft:mossy_stone_bricks":7,"cataclysm:monstrous_horn":1,"alexscaves:gelatin_red":23},"minecraft:picked_up":{"alexscaves:thin_bone":2,"born_in_chaos_v1:charmof_stealth":1,"minecraft:creeper_head":1,"regions_unexplored:magnolia_log":12,"minecraft:lead":2,"minecraft:smithing_table":1,"minecraft:stone_slab":4,"regions_unexplored:silt_dirt":2,"minecraft:oak_stairs":3,"minecraft:enchanted_book":3,"crystalcraft_unlimited_java:radium_armor_boots":1,"minecraft:brewing_stand":1,"minecraft:string":212,"create:limestone":5,"minecraft:red_nether_bricks":5,"crystalcraft_unlimited_java:catseye":9,"minecraft:gold_nugget":106,"minecraft:cobbled_deepslate":623,"born_in_chaos_v1:charmof_power":1,"minecraft:spruce_planks":293,"spartanshields:diamond_tower_shield":1,"minecraft:written_book":1,"endrem:wither_eye":2,"minecraft:coal_block":3,"minecraft:mangrove_log":2,"minecraft:polished_blackstone_brick_slab":1,"alexscaves:licoroot":2,"undead_revamp2:suckermemebrane":25,"crystalcraft_unlimited_java:matizium_pickaxe":1,"born_in_chaos_v1:shattered_skull":2,"minecraft:jukebox":1,"minecraft:green_bed":1,"minecraft:acacia_log":1,"twilightforest:cracked_etched_nagastone":2,"alexscaves:rock_candy_cyan":15,"minecraft:golden_axe":1,"crystalcraft_unlimited_java:yurium":2,"minecraft:chiseled_nether_bricks":1,"regions_unexplored:pink_magnolia_sapling":8,"crystalcraft_unlimited_java:sardonyx":1,"minecraft:tropical_fish":1,"create:scoria":81,"minecraft:cyan_terracotta":80,"alexscaves:smooth_bone_stairs":2,"crystalcraft_unlimited_java:raw_manganese":1,"minecraft:bookshelf":19,"crystalcraft_unlimited_java:mythril_sword":1,"crystalcraft_unlimited_java:fire_opal":4,"minecraft:white_terracotta":7,"minecraft:blaze_rod":68,"minecraft:blackstone_stairs":2,"minecraft:iron_bars":2,"minecraft:birch_log":15,"minecraft:oxidized_copper":4,"alexscaves:smooth_bone_slab":1,"minecraft:feather":5,"minecraft:cooked_beef":52,"minecraft:iron_door":4,"born_in_chaos_v1:spiritual_dust":2,"minecraft:water_bucket":2,"minecraft:smoker":1,"minecraft:flint":2,"cataclysm:coral_spear":1,"minecraft:lantern":1,"aquamirae:fin":8,"crystalcraft_unlimited_java:malachite":2,"undead_revamp2:blacpetalblock":3,"regions_unexplored:magnolia_planks":14,"crystalcraft_unlimited_java:pink_ruby":2,"crystalcraft_unlimited_java:cyan_emerald":1,"minecraft:glowstone_dust":87,"minecraft:moss_block":10,"alexscaves:radiant_essence":2,"crystalcraft_unlimited_java:stibnite":6,"alexscaves:rusty_scrap_metal_plate":21,"crystalcraft_unlimited_java:obsidian_stick":1,"alexscaves:giant_sweetberry":1,"alexscaves:baleen_bone":2,"crystalcraft_unlimited_java:prism":18,"celestial_artifacts:fang_necklace":2,"crystalcraft_unlimited_java:ammolite":6,"sophisticatedbackpacks:iron_backpack":1,"alexscaves:smooth_bone_wall":1,"undead_revamp2:heavytooth":2,"cataclysm:lionfish":1,"minecraft:polished_andesite":6,"regions_unexplored:hyssop":1,"create:crimsite":155,"alexscaves:sharpened_candy_cane":24,"minecraft:granite":193,"alexscaves:rock_candy_purple":1,"minecraft:bread":4,"regions_unexplored:magnolia_boat":6,"alexsmobs:maggot":2,"born_in_chaos_v1:rotten_fish":3,"minecraft:dark_oak_fence":1,"minecraft:crimson_roots":10,"minecraft:crafting_table":2,"minecraft:coarse_dirt":4,"crystalcraft_unlimited_java:flourite":4,"born_in_chaos_v1:seedof_chaos":7,"minecraft:clay_ball":48,"born_in_chaos_v1:serpumpkinhead_m":1,"born_in_chaos_v1:charmof_resistance":3,"crystalcraft_unlimited_java:jade":3,"gravestone:obituary":4,"alexscaves:peppermint_powder":2,"born_in_chaos_v1:intoxicating_decoction":2,"alexscaves:scrap_metal":2,"minecraft:cracked_stone_bricks":34,"born_in_chaos_v1:gnawed_bones":4,"minecraft:birch_sapling":1,"minecraft:chest":1,"minecraft:egg":2,"minecraft:stone":4,"crystalcraft_unlimited_java:raw_iridium":1,"alexsmobs:straddlite":1,"minecraft:spruce_fence":4,"born_in_chaos_v1:pieceofdarkmetal":63,"minecraft:carrot":2,"minecraft:redstone":171,"crystalcraft_unlimited_java:amethyst":2,"born_in_chaos_v1:charmof_fury":1,"crystalcraft_unlimited_java:xernium_pickaxe":2,"born_in_chaos_v1:wood_splitter_axe":1,"minecraft:yellow_terracotta":5,"born_in_chaos_v1:spiny_shell":3,"crystalcraft_unlimited_java:peacock_topaz":1,"minecraft:polished_blackstone":8,"minecraft:gold_ingot":218,"minecraft:totem_of_undying":4,"twilightforest:magic_map_focus":1,"undead_revamp2:wincallerfan":2,"minecraft:glow_berries":1,"minecraft:white_wool":6,"minecraft:bone_block":5,"crystalcraft_unlimited_java:black_opal":6,"born_in_chaos_v1:monster_flesh":12,"born_in_chaos_v1:pumpkin_staff":3,"minecraft:blackstone_slab":4,"crystalcraft_unlimited_java:rare_sapphire":3,"doggytalents:rice_grains":6,"alexscaves:depth_glass":15,"minecraft:oak_log":7,"alexsmobs:mosquito_proboscis":1,"minecraft:paper":30,"minecraft:white_banner":1,"born_in_chaos_v1:soul_cutlass":3,"alexscaves:rock_candy_yellow":9,"minecraft:stone_bricks":130,"minecraft:cobweb":5,"crystalcraft_unlimited_java:chrysolite":5,"minecraft:iron_sword":1,"minecraft:flowering_azalea":1,"minecraft:smooth_basalt":3,"twilightforest:nagastone_pillar":3,"minecraft:red_wool":3,"born_in_chaos_v1:ethereal_spirit":23,"graveyard:ossuary":1,"minecraft:weathered_copper":3,"minecraft:gravel":5,"crystalcraft_unlimited_java:bloodstone":5,"alexscaves:sweetish_fish_red":8,"minecraft:spruce_log":2,"alexscaves:bone_ribs":8,"alexscaves:smooth_bone":3,"minecraft:diamond_shovel":2,"alexscaves:mussel":1,"regions_unexplored:fireweed":1,"minecraft:diamond_axe":1,"crystalcraft_unlimited_java:raw_magnesium":3,"alexscaves:cave_map":2,"minecraft:baked_potato":1,"minecraft:ender_pearl":47,"minecraft:black_carpet":2,"minecraft:wheat":15,"alexscaves:sweet_tooth":3,"cataclysm:monstrous_horn":2,"minecraft:iron_trapdoor":1,"minecraft:nether_brick_fence":2,"crystalcraft_unlimited_java:amber":1,"aether:iron_gloves":1,"alexscaves:cave_tablet":1,"minecraft:stone_brick_stairs":2,"born_in_chaos_v1:holiday_candy":49,"crystalcraft_unlimited_java:radium_armor_chestplate":1,"born_in_chaos_v1:black_argillite":3,"minecraft:raw_copper":1282,"crystalcraft_unlimited_java:radium_armor_helmet":1,"minecraft:iron_leggings":2,"minecraft:purple_banner":4,"crystalcraft_unlimited_java:peridot":1,"minecraft:bucket":1,"artifacts:aqua_dashers":1,"minecraft:white_tulip":9,"minecraft:rose_bush":1,"minecraft:redstone_torch":1,"minecraft:azalea":1,"crystalcraft_unlimited_java:radium_armor_leggings":1,"crystalcraft_unlimited_java:pitambari_neelam":2,"alexscaves:cookie_block":1,"minecraft:furnace":1,"minecraft:stick":9,"crystalcraft_unlimited_java:catseye_ore":1,"minecraft:oak_fence":1,"minecraft:torch":68,"crystalcraft_unlimited_java:zircon_10":1,"crystalcraft_unlimited_java:saphire":7,"born_in_chaos_v1:nightmare_claw":1,"regions_unexplored:daisy":1,"minecraft:rotten_flesh":651,"crystalcraft_unlimited_java:matizium_sword":1,"aether:golden_pendant":1,"toolleveling:tool_leveling_table":1,"crystalcraft_unlimited_java:amazonite":1,"minecraft:obsidian":9,"undead_revamp2:arapholia":1,"minecraft:cobblestone":2229,"minecraft:enchanting_table":2,"celestial_artifacts:red_heart_necklace":1,"minecraft:andesite":113,"cataclysm:coral_bardiche":1,"minecraft:potato":3,"crystalcraft_unlimited_java:iris_agate":2,"alexsmobs:bear_fur":47,"minecraft:tuff":59,"create:raw_zinc":198,"undead_revamp2:huntereye":3,"minecraft:wither_skeleton_skull":5,"minecraft:lapis_lazuli":2020,"minecraft:dirt":67,"minecraft:weathered_cut_copper":3,"crystalcraft_unlimited_java:grandidierite":8,"born_in_chaos_v1:monster_skin":12,"crystalcraft_unlimited_java:aquamarine":6,"crystalcraft_unlimited_java:topaz":3,"minecraft:bone":502,"minecraft:bow":13,"minecraft:orange_tulip":4,"minecraft:wheat_seeds":4,"minecraft:raw_gold":305,"create_new_age:magnetite_block":1,"aether:cold_aercloud":5,"minecraft:mossy_stone_bricks":31,"minecraft:oak_planks":7,"regions_unexplored:orange_coneflower":15,"minecraft:cooked_porkchop":7,"alexscaves:abyssmarine":537,"artifacts:rooted_boots":1,"crystalcraft_unlimited_java:zircon_12":1,"minecraft:poisonous_potato":1,"minecraft:polished_blackstone_slab":2,"minecraft:sand":1,"minecraft:nether_brick_stairs":8,"alexscaves:bone_nodule":2,"minecraft:oxidized_cut_copper_slab":11,"sons_of_sins:flesh_of_demise":1,"minecraft:mossy_cobblestone":8,"minecraft:dark_prismarine":9,"artifacts:plastic_drinking_hat":1,"minecraft:light_gray_terracotta":12,"cataclysm:music_disc_netherite_monstrosity":2,"twilightforest:twilight_oak_sapling":1,"minecraft:diamond":380,"minecraft:spruce_boat":17,"waystones:waystone":8,"minecraft:cracked_polished_blackstone_bricks":66,"minecraft:crossbow":11,"alexscaves:hero_pottery_sherd":1,"minecraft:emerald":931,"alexsmobs:banana_slug_slime":2,"minecraft:netherrack":225,"minecraft:nether_star":1,"undead_revamp2:bostroxingot":10,"born_in_chaos_v1:diamond_termite_shard":7,"alexscaves:cake_layer":84,"minecraft:ladder":1,"minecraft:gold_block":13,"minecraft:chain":4,"minecraft:moss_carpet":1,"minecraft:iron_axe":6,"minecraft:birch_fence":12,"minecraft:blackstone":86,"minecraft:mossy_cobblestone_wall":3,"alexscaves:rock_candy_lime":1,"minecraft:phantom_membrane":46,"minecraft:raw_iron":3030,"regions_unexplored:silver_birch_leaf_pile":13,"minecraft:copper_ingot":1339,"minecraft:polished_blackstone_bricks":115,"minecraft:stone_button":3,"born_in_chaos_v1:charmof_endurance":1,"alexsmobs:crocodile_scute":8,"minecraft:dark_oak_planks":1,"minecraft:arrow":1145,"minecraft:nether_bricks":48,"alexscaves:block_of_chocolate":45,"born_in_chaos_v1:trident_hayfork":1,"minecraft:skeleton_skull":1,"born_in_chaos_v1:fused_bone":3,"undead_revamp2:bostroxset_boots":1,"regions_unexplored:peat_dirt":5,"born_in_chaos_v1:corpse_maggot":18,"crystalcraft_unlimited_java:ametrine":4,"minecraft:basalt":2,"minecraft:golden_carrot":1,"minecraft:glow_ink_sac":15,"minecraft:leather":39,"alexscaves:gelatin_red":23,"minecraft:birch_planks":1,"crystalcraft_unlimited_java:rutile":1,"alexscaves:vanilla_ice_cream_scoop":6,"minecraft:yellow_bed":1,"minecraft:gunpowder":67,"minecraft:cobblestone_stairs":5,"crystalcraft_unlimited_java:matizium":3,"crystalcraft_unlimited_java:radium_pickaxe":1,"minecraft:cooked_mutton":136,"minecraft:red_nether_brick_stairs":2,"cataclysm:infernal_forge":2,"minecraft:gray_carpet":1,"minecraft:iron_ingot":115,"minecraft:cooked_chicken":14,"alexscaves:candy_cane":72,"minecraft:oxidized_cut_copper":11,"minecraft:soul_sand":21,"minecraft:sculk_catalyst":2,"minecraft:book":7,"moredelight:loaded_hamburger":32,"born_in_chaos_v1:lifestealer_bone":3,"crystalcraft_unlimited_java:raw_silver":1,"minecraft:quartz":13,"minecraft:dandelion":2,"born_in_chaos_v1:dark_rod":1,"crystalcraft_unlimited_java:peacock_ore":1,"minecraft:white_bed":5,"minecraft:nether_brick_slab":2,"minecraft:spruce_door":3,"minecraft:spider_eye":121,"minecraft:brick_slab":2,"minecraft:pumpkin_seeds":68,"minecraft:mossy_cobblestone_stairs":1,"minecraft:black_wool":1,"minecraft:coal":403}},"DataVersion":3465}