{"stats":{"minecraft:used":{"mcwfurnitures:oak_stool_chair":1,"spartanshields:netherite_tower_shield":14,"minecraft:black_carpet":1,"minecraft:ladder":14,"minecraft:chest":44,"mcwfurnitures:stripped_oak_kitchen_cabinet":17,"minecraft:stone":6,"minecraft:soul_sand":4,"crystalcraft_unlimited_java:neptunium_armor_chestplate":2,"minecraft:brick_slab":2,"minecraft:spruce_boat":23,"minecraft:netherite_shovel":434,"minecraft:grass_block":15,"securitycraft:secret_sign_item":4,"minecraft:bow":1,"minecraft:furnace":20,"mcwfurnitures:oak_striped_chair":3,"minecraft:spruce_door":3,"minecraft:orange_tulip":4,"minecraft:blackstone_stairs":2,"minecraft:blackstone":54,"minecraft:golden_apple":16,"born_in_chaos_v1:holiday_candy":5,"minecraft:birch_fence":117,"born_in_chaos_v1:monster_flesh":1,"alexscaves:abyssmarine":122,"spartanshields:diamond_tower_shield":18,"minecraft:cat_spawn_egg":4,"refurbished_furniture:oak_kitchen_sink":2,"minecraft:smithing_table":2,"minecraft:birch_log":176,"minecraft:stone_sword":14,"regions_unexplored:magnolia_boat":7,"minecraft:enchanting_table":4,"minecraft:armor_stand":8,"minecraft:orange_bed":2,"refurbished_furniture:oak_mail_box":1,"minecraft:netherrack":169,"minecraft:torch":201,"minecraft:brewing_stand":2,"regions_unexplored:hyssop":1,"born_in_chaos_v1:chipped_black_argillite_brick":1,"alexscaves:block_of_chocolate":1,"regions_unexplored:daisy":1,"regions_unexplored:maple_fence":29,"minecraft:smooth_basalt":1,"cataclysm:nameless_sorcerer_spawn_egg":1,"undead_revamp2:arapholia":1,"minecraft:cobbled_deepslate":219,"minecraft:water_bucket":366,"minecraft:birch_planks":185,"graveyard:ossuary":1,"minecraft:cracked_stone_bricks":25,"minecraft:polished_blackstone_bricks":49,"minecraft:mossy_cobblestone":8,"minecraft:crafting_table":13,"minecraft:red_bed":1,"refurbished_furniture:oak_light_ceiling_fan":1,"minecraft:white_bed":11,"toolleveling:tool_leveling_table":2,"minecraft:spruce_trapdoor":8,"minecraft:cobblestone":674,"regions_unexplored:orange_maple_leaves":228,"regions_unexplored:maple_trapdoor":6,"minecraft:jukebox":1,"crystalcraft_unlimited_java:radium_armor_boots":5,"regions_unexplored:maple_door":3,"minecraft:white_terracotta":7,"minecraft:iron_sword":3,"regions_unexplored:red_maple_leaves":5,"minecraft:iron_chestplate":1,"crystalcraft_unlimited_java:radium_sword":133,"minecraft:nether_bricks":5,"alexscaves:rock_candy_cyan":14,"minecraft:tuff":2,"minecraft:axolotl_bucket":1,"minecraft:obsidian":84,"minecraft:glass":127,"regions_unexplored:maple_hanging_sign":2,"born_in_chaos_v1:corpse_maggot":1,"minecraft:cyan_terracotta":6,"crystalcraft_unlimited_java:neptunium_armor_helmet":1,"create:scoria":35,"minecraft:iron_helmet":1,"minecraft:stone_bricks":42,"minecraft:honeycomb_block":4,"minecraft:birch_leaves":797,"crystalcraft_unlimited_java:galaxite_armor_helmet":1,"minecraft:wither_skeleton_skull":4,"minecraft:gray_carpet":1,"minecraft:oak_planks":15,"minecraft:ender_pearl":20,"minecraft:diamond_axe":15,"ad_astra:earth_globe":3,"minecraft:light_gray_terracotta":11,"mcwfurnitures:oak_coffee_table":1,"minecraft:shears":40,"alexscaves:rock_candy_purple":1,"regions_unexplored:fireweed":1,"waystones:waystone":23,"minecraft:birch_fence_gate":3,"crystalcraft_unlimited_java:xernium_pickaxe":25096,"minecraft:gravel":1,"regions_unexplored:maple_stairs":25,"minecraft:andesite":2,"minecraft:coarse_dirt":2,"minecraft:experience_bottle":32,"minecraft:netherite_sword":19,"minecraft:white_tulip":9,"minecraft:flint_and_steel":12,"minecraft:tropical_fish":1,"undead_revamp2:blacpetalblock":1,"minecraft:spruce_planks":9,"regions_unexplored:silt_grass_block":1,"crystalcraft_unlimited_java:neptunium_armor_boots":1,"crystalcraft_unlimited_java:radium_armor_chestplate":4,"twilightforest:cracked_etched_nagastone":2,"crystalcraft_unlimited_java:radium_armor_helmet":6,"regions_unexplored:maple_planks":190,"minecraft:dirt":3,"cataclysm:deepling_angler_spawn_egg":1,"the_bumblezone:porous_honeycomb_block":1,"minecraft:granite":8,"minecraft:birch_door":1,"crystalcraft_unlimited_java:radium_pickaxe":27,"born_in_chaos_v1:black_argillite_button":1,"minecraft:bookshelf":11,"regions_unexplored:elephant_ear":1,"minecraft:iron_boots":1,"minecraft:netherite_pickaxe":17,"minecraft:cooked_beef":3,"crystalcraft_unlimited_java:mythril_sword":732,"minecraft:iron_leggings":1,"regions_unexplored:maple_slab":18,"crystalcraft_unlimited_java:neptunium_armor_leggings":1,"minecraft:cobblestone_stairs":72,"undead_revamp2:wincallerfan":8,"crystalcraft_unlimited_java:radium_armor_leggings":5,"minecraft:red_nether_bricks":5,"regions_unexplored:peat_dirt":6,"refurbished_furniture:oak_kitchen_drawer":4,"regions_unexplored:magnolia_planks":13,"refurbished_furniture:dark_electricity_generator":1,"minecraft:apple":1,"minecraft:cracked_polished_blackstone_bricks":28,"minecraft:netherite_axe":219,"minecraft:stone_slab":4,"alexscaves:rock_candy_lime":1,"refurbished_furniture:light_electricity_generator":1,"moredelight:loaded_hamburger":151,"refurbished_furniture:oak_kitchen_cabinetry":2,"alexscaves:cake_layer":22,"minecraft:bucket":316,"minecraft:yellow_bed":1,"regions_unexplored:maple_log":280,"minecraft:birch_stairs":8},"minecraft:crafted":{"regions_unexplored:maple_planks":8,"spartanshields:wooden_tower_shield":1,"waystones:waystone":6,"minecraft:diamond_helmet":1,"minecraft:diamond_leggings":1,"blue_skies:blue_journal":1,"spartanshields:diamond_tower_shield":1,"minecraft:emerald":35,"minecraft:diamond_axe":2,"minecraft:spruce_door":15,"minecraft:snout_armor_trim_smithing_template":2,"minecraft:smithing_table":2,"waystones:warp_stone":6,"crystalcraft_unlimited_java:neptunium_armor_boots":1,"crystalcraft_unlimited_java:radium_armor_boots":1,"minecraft:netherite_ingot":1,"minecraft:netherite_axe":1,"minecraft:ladder":6,"minecraft:ender_pearl":12,"minecraft:diamond_boots":1,"minecraft:spruce_boat":5,"regions_unexplored:magnolia_planks":48,"minecraft:red_bed":1,"crystalcraft_unlimited_java:neptunium_armor_helmet":1,"crystalcraft_unlimited_java:radium_armor_helmet":1,"minecraft:oak_planks":16,"minecraft:stone":26,"regions_unexplored:maple_stairs":4,"minecraft:chest":9,"minecraft:stone_bricks":28,"crystalcraft_unlimited_java:neptunium_armor_chestplate":1,"minecraft:crafting_table":7,"minecraft:spruce_planks":1088,"minecraft:stick":28,"endrem:evil_eye":1,"regions_unexplored:magnolia_boat":1,"crystalcraft_unlimited_java:radium_armor_leggings":1,"minecraft:furnace":3,"crystalcraft_unlimited_java:neptunium_armor_leggings":1,"minecraft:air":0,"minecraft:bread":1,"minecraft:netherite_shovel":2,"minecraft:acacia_planks":4,"minecraft:lapis_lazuli":12,"minecraft:diamond_chestplate":1},"minecraft:picked_up":{"alexscaves:thin_bone":2,"minecraft:birch_door":2,"born_in_chaos_v1:charmof_stealth":1,"minecraft:iron_chestplate":1,"minecraft:creeper_head":1,"minecraft:flower_pot":1,"minecraft:stone_slab":4,"regions_unexplored:silt_dirt":2,"regions_unexplored:magnolia_log":12,"minecraft:smithing_table":1,"minecraft:lead":2,"minecraft:diamond_sword":1,"minecraft:oak_stairs":3,"minecraft:enchanted_book":3,"crystalcraft_unlimited_java:radium_armor_boots":1,"minecraft:brewing_stand":2,"minecraft:string":567,"minecraft:soul_soil":20,"create:limestone":5,"minecraft:red_nether_bricks":5,"crystalcraft_unlimited_java:catseye":9,"minecraft:gold_nugget":229,"minecraft:cobbled_deepslate":1104,"born_in_chaos_v1:charmof_power":1,"minecraft:spruce_planks":303,"spartanshields:diamond_tower_shield":1,"minecraft:written_book":1,"endrem:wither_eye":2,"minecraft:coal_block":3,"minecraft:mangrove_log":2,"undead_revamp2:suckermemebrane":28,"alexscaves:licoroot":2,"minecraft:polished_blackstone_brick_slab":1,"crystalcraft_unlimited_java:matizium_pickaxe":1,"born_in_chaos_v1:shattered_skull":5,"minecraft:jukebox":1,"minecraft:acacia_log":1,"minecraft:green_bed":1,"twilightforest:cracked_etched_nagastone":2,"alexscaves:rock_candy_cyan":15,"minecraft:golden_axe":1,"crystalcraft_unlimited_java:yurium":2,"minecraft:honeycomb_block":46,"regions_unexplored:raw_redstone_block":14,"alexsmobs:centipede_leg":2,"the_bumblezone:bee_stinger":58,"minecraft:chiseled_nether_bricks":1,"regions_unexplored:pink_magnolia_sapling":8,"undead_revamp2:cloogerribs":44,"crystalcraft_unlimited_java:sardonyx":1,"minecraft:tropical_fish":1,"create:scoria":81,"minecraft:carved_pumpkin":1,"minecraft:cyan_terracotta":80,"minecraft:bookshelf":19,"crystalcraft_unlimited_java:raw_manganese":1,"alexscaves:smooth_bone_stairs":2,"crystalcraft_unlimited_java:mythril_sword":1,"crystalcraft_unlimited_java:fire_opal":4,"minecraft:white_terracotta":7,"minecraft:blaze_rod":68,"minecraft:blackstone_stairs":2,"minecraft:iron_bars":8,"minecraft:birch_log":15,"minecraft:cooked_beef":70,"minecraft:magma_block":62,"alexscaves:smooth_bone_slab":1,"minecraft:feather":5,"minecraft:oxidized_copper":4,"minecraft:iron_door":4,"born_in_chaos_v1:spiritual_dust":3,"minecraft:water_bucket":2,"alexscaves:frostmint_spear":1,"minecraft:smoker":1,"minecraft:flint":5,"born_in_chaos_v1:black_argillite_button":2,"crystalcraft_unlimited_java:garnet":4,"cataclysm:coral_spear":1,"minecraft:lantern":1,"aquamirae:fin":8,"crystalcraft_unlimited_java:malachite":2,"undead_revamp2:blacpetalblock":3,"regions_unexplored:magnolia_planks":14,"crystalcraft_unlimited_java:pink_ruby":2,"crystalcraft_unlimited_java:cyan_emerald":1,"minecraft:glowstone_dust":87,"minecraft:moss_block":10,"alexscaves:gingerbread_leggings":1,"minecraft:honeycomb":129,"alexscaves:radiant_essence":2,"crystalcraft_unlimited_java:stibnite":6,"alexscaves:gingerbread_chestplate":1,"alexscaves:rusty_scrap_metal_plate":21,"crystalcraft_unlimited_java:obsidian_stick":1,"alexscaves:giant_sweetberry":1,"alexscaves:baleen_bone":2,"crystalcraft_unlimited_java:prism":18,"celestial_artifacts:fang_necklace":2,"crystalcraft_unlimited_java:ammolite":6,"sophisticatedbackpacks:iron_backpack":1,"alexscaves:smooth_bone_wall":1,"undead_revamp2:heavytooth":2,"cataclysm:lionfish":1,"minecraft:polished_andesite":11,"regions_unexplored:hyssop":2,"create:crimsite":155,"alexscaves:sharpened_candy_cane":25,"minecraft:granite":193,"alexscaves:rock_candy_purple":1,"minecraft:bread":4,"regions_unexplored:magnolia_boat":6,"alexsmobs:maggot":2,"born_in_chaos_v1:rotten_fish":3,"minecraft:dark_oak_fence":1,"minecraft:crimson_roots":10,"the_bumblezone:porous_honeycomb_block":3,"minecraft:crafting_table":2,"minecraft:coarse_dirt":6,"crystalcraft_unlimited_java:flourite":4,"minecraft:leather_leggings":1,"minecraft:clay_ball":48,"born_in_chaos_v1:seedof_chaos":16,"born_in_chaos_v1:serpumpkinhead_m":1,"born_in_chaos_v1:charmof_resistance":3,"crystalcraft_unlimited_java:jade":3,"gravestone:obituary":4,"alexscaves:peppermint_powder":2,"born_in_chaos_v1:intoxicating_decoction":2,"born_in_chaos_v1:black_argillite_brick":1,"alexscaves:scrap_metal":2,"minecraft:cracked_stone_bricks":37,"minecraft:cartography_table":1,"regions_unexplored:maple_leaf_pile":2,"born_in_chaos_v1:gnawed_bones":4,"minecraft:spruce_slab":2,"minecraft:chest":1,"alexsmobs:cooked_lobster_tail":1,"minecraft:birch_sapling":1,"sons_of_sins:sickle_of_struggle":1,"minecraft:egg":2,"regions_unexplored:duckweed":1,"minecraft:stone":4,"crystalcraft_unlimited_java:raw_iridium":1,"sophisticatedbackpacks:backpack":2,"alexsmobs:straddlite":1,"minecraft:spruce_fence":11,"alexscaves:candy_cane_hook":1,"born_in_chaos_v1:pieceofdarkmetal":87,"minecraft:carrot":5,"minecraft:redstone":440,"crystalcraft_unlimited_java:amethyst":2,"born_in_chaos_v1:charmof_fury":2,"crystalcraft_unlimited_java:xernium_pickaxe":3,"born_in_chaos_v1:wood_splitter_axe":1,"minecraft:yellow_terracotta":5,"crystalcraft_unlimited_java:peacock_topaz":1,"born_in_chaos_v1:spiny_shell":3,"minecraft:gold_ingot":219,"minecraft:totem_of_undying":4,"sophisticatedbackpacks:copper_backpack":1,"twilightforest:magic_map_focus":1,"minecraft:polished_blackstone":8,"undead_revamp2:wincallerfan":2,"minecraft:glow_berries":1,"minecraft:white_wool":6,"minecraft:bone_block":5,"crystalcraft_unlimited_java:black_opal":7,"born_in_chaos_v1:monster_flesh":16,"born_in_chaos_v1:pumpkin_staff":3,"minecraft:blackstone_slab":4,"crystalcraft_unlimited_java:rare_sapphire":3,"doggytalents:rice_grains":10,"alexscaves:depth_glass":15,"minecraft:oak_log":8,"alexsmobs:mosquito_proboscis":1,"minecraft:paper":30,"minecraft:white_banner":1,"born_in_chaos_v1:soul_cutlass":3,"alexscaves:rock_candy_yellow":9,"minecraft:stone_bricks":139,"minecraft:cobweb":5,"crystalcraft_unlimited_java:chrysolite":5,"minecraft:iron_sword":2,"minecraft:flowering_azalea":1,"regions_unexplored:silver_birch_sapling":2,"minecraft:smooth_basalt":3,"twilightforest:nagastone_pillar":3,"alexscaves:gingerbread_boots":1,"minecraft:red_wool":3,"born_in_chaos_v1:ethereal_spirit":39,"graveyard:ossuary":1,"minecraft:weathered_copper":3,"minecraft:gravel":20,"alexscaves:sweetish_fish_red":8,"crystalcraft_unlimited_java:bloodstone":13,"minecraft:spruce_sapling":4,"minecraft:spruce_log":17,"alexscaves:bone_ribs":8,"alexscaves:smooth_bone":3,"minecraft:diamond_shovel":2,"minecraft:slime_ball":11,"alexscaves:mussel":1,"regions_unexplored:fireweed":2,"born_in_chaos_v1:black_argillite_brick_slab":2,"minecraft:diamond_axe":1,"crystalcraft_unlimited_java:raw_magnesium":3,"crystalcraft_unlimited_java:meteorite_scrap":9,"alexscaves:cave_map":2,"minecraft:baked_potato":1,"minecraft:ender_pearl":47,"minecraft:black_carpet":2,"minecraft:wheat":15,"cataclysm:monstrous_horn":2,"minecraft:iron_trapdoor":1,"minecraft:redstone_block":1,"alexscaves:sweet_tooth":3,"minecraft:nether_brick_fence":2,"crystalcraft_unlimited_java:amber":1,"aether:iron_gloves":1,"alexscaves:cave_tablet":1,"regions_unexplored:brimsprout":26,"minecraft:stone_brick_stairs":2,"crystalcraft_unlimited_java:radium_armor_chestplate":1,"born_in_chaos_v1:holiday_candy":49,"born_in_chaos_v1:black_argillite":3,"alexscaves:gingerbread_helmet":1,"minecraft:raw_copper":1282,"crystalcraft_unlimited_java:radium_armor_helmet":1,"minecraft:iron_leggings":3,"minecraft:purple_banner":4,"crystalcraft_unlimited_java:peridot":2,"minecraft:bucket":1,"alexsmobs:cooked_moose_ribs":338,"artifacts:aqua_dashers":1,"minecraft:white_tulip":9,"minecraft:rose_bush":1,"minecraft:redstone_torch":1,"minecraft:azalea":1,"minecraft:smooth_quartz":235,"crystalcraft_unlimited_java:radium_armor_leggings":1,"crystalcraft_unlimited_java:pitambari_neelam":2,"alexscaves:cookie_block":1,"minecraft:furnace":2,"minecraft:tipped_arrow":1,"minecraft:stick":12,"regions_unexplored:elephant_ear":1,"crystalcraft_unlimited_java:catseye_ore":1,"minecraft:oak_fence":1,"minecraft:torch":70,"crystalcraft_unlimited_java:zircon_10":1,"crystalcraft_unlimited_java:saphire":7,"minecraft:diorite":10,"born_in_chaos_v1:nightmare_claw":1,"regions_unexplored:daisy":1,"minecraft:rotten_flesh":1014,"crystalcraft_unlimited_java:matizium_sword":1,"aether:golden_pendant":1,"toolleveling:tool_leveling_table":1,"crystalcraft_unlimited_java:amazonite":1,"minecraft:obsidian":116,"undead_revamp2:arapholia":2,"minecraft:cobblestone":3115,"minecraft:enchanting_table":3,"crystalcraft_unlimited_java:sulfur":3,"celestial_artifacts:red_heart_necklace":1,"minecraft:andesite":122,"cataclysm:coral_bardiche":1,"minecraft:potato":3,"crystalcraft_unlimited_java:iris_agate":3,"crystalcraft_unlimited_java:pink_diamond":2,"alexsmobs:bear_fur":47,"minecraft:tuff":74,"create:raw_zinc":198,"undead_revamp2:huntereye":4,"minecraft:wither_skeleton_skull":5,"minecraft:lapis_lazuli":2020,"minecraft:dirt":71,"minecraft:weathered_cut_copper":3,"crystalcraft_unlimited_java:grandidierite":8,"born_in_chaos_v1:monster_skin":12,"minecraft:leather_boots":1,"crystalcraft_unlimited_java:aquamarine":6,"crystalcraft_unlimited_java:topaz":3,"minecraft:bone":861,"minecraft:bow":18,"minecraft:wheat_seeds":14,"minecraft:orange_tulip":4,"minecraft:raw_gold":305,"create_new_age:magnetite_block":1,"aether:cold_aercloud":5,"minecraft:mossy_stone_bricks":31,"minecraft:oak_planks":7,"regions_unexplored:orange_coneflower":15,"minecraft:cooked_porkchop":135,"alexscaves:abyssmarine":537,"artifacts:rooted_boots":1,"crystalcraft_unlimited_java:zircon_12":1,"minecraft:poisonous_potato":1,"minecraft:polished_blackstone_slab":2,"minecraft:sand":1,"minecraft:nether_brick_stairs":17,"alexscaves:bone_nodule":2,"minecraft:oxidized_cut_copper_slab":11,"sons_of_sins:flesh_of_demise":2,"minecraft:mossy_cobblestone":10,"minecraft:dark_prismarine":24,"artifacts:plastic_drinking_hat":1,"minecraft:light_gray_terracotta":12,"crystalcraft_unlimited_java:radium_sword":1,"cataclysm:music_disc_netherite_monstrosity":2,"born_in_chaos_v1:fire_dust":4,"twilightforest:twilight_oak_sapling":1,"minecraft:diamond":598,"minecraft:spruce_boat":22,"waystones:waystone":15,"minecraft:cracked_polished_blackstone_bricks":112,"minecraft:crossbow":13,"alexscaves:hero_pottery_sherd":1,"minecraft:emerald":1369,"alexsmobs:banana_slug_slime":2,"minecraft:netherrack":1294,"minecraft:nether_star":1,"undead_revamp2:bostroxingot":10,"born_in_chaos_v1:diamond_termite_shard":7,"alexscaves:cake_layer":84,"minecraft:ladder":1,"born_in_chaos_v1:river_mint":1,"alexscaves:sugar_staff":1,"minecraft:gold_block":23,"minecraft:chain":4,"regions_unexplored:red_maple_leaf_pile":3,"minecraft:moss_carpet":1,"minecraft:iron_axe":6,"minecraft:birch_fence":12,"minecraft:blackstone":177,"graveyard:corruption":10,"crystalcraft_unlimited_java:brickerite":1,"minecraft:mossy_cobblestone_wall":3,"minecraft:andesite_stairs":2,"alexscaves:rock_candy_lime":1,"minecraft:phantom_membrane":48,"minecraft:raw_iron":3030,"regions_unexplored:silver_birch_leaf_pile":66,"minecraft:copper_ingot":1339,"minecraft:polished_blackstone_bricks":132,"minecraft:stone_button":3,"born_in_chaos_v1:charmof_endurance":1,"create:zinc_ingot":37,"alexsmobs:crocodile_scute":8,"minecraft:dark_oak_planks":3,"minecraft:arrow":1780,"minecraft:nether_bricks":50,"alexscaves:block_of_chocolate":45,"born_in_chaos_v1:trident_hayfork":1,"minecraft:skeleton_skull":1,"born_in_chaos_v1:fused_bone":3,"undead_revamp2:bostroxset_boots":1,"regions_unexplored:peat_dirt":14,"born_in_chaos_v1:corpse_maggot":23,"crystalcraft_unlimited_java:ametrine":4,"minecraft:basalt":2,"minecraft:golden_carrot":1,"minecraft:glow_ink_sac":15,"minecraft:leather":212,"alexscaves:gelatin_red":23,"minecraft:birch_planks":1,"crystalcraft_unlimited_java:rutile":1,"alexscaves:vanilla_ice_cream_scoop":6,"minecraft:yellow_bed":1,"minecraft:gunpowder":387,"minecraft:cobblestone_stairs":5,"crystalcraft_unlimited_java:matizium":3,"crystalcraft_unlimited_java:radium_pickaxe":1,"minecraft:cooked_mutton":136,"minecraft:red_nether_brick_stairs":2,"cataclysm:infernal_forge":2,"minecraft:gray_carpet":1,"minecraft:red_sandstone":18,"minecraft:spruce_wood":11,"minecraft:iron_ingot":640,"minecraft:cooked_chicken":14,"born_in_chaos_v1:chipped_black_argillite_brick":1,"alexscaves:candy_cane":72,"minecraft:oxidized_cut_copper":11,"minecraft:soul_sand":75,"regions_unexplored:orange_maple_leaf_pile":15,"minecraft:sculk_catalyst":2,"minecraft:book":2631,"moredelight:loaded_hamburger":32,"minecraft:chiseled_stone_bricks":1,"born_in_chaos_v1:lifestealer_bone":6,"crystalcraft_unlimited_java:raw_silver":1,"minecraft:quartz":68,"minecraft:dandelion":2,"born_in_chaos_v1:dark_rod":2,"crystalcraft_unlimited_java:peacock_ore":1,"minecraft:white_bed":5,"minecraft:nether_brick_slab":2,"minecraft:spider_eye":368,"minecraft:spruce_door":3,"minecraft:brick_slab":2,"minecraft:pumpkin_seeds":68,"crystalcraft_unlimited_java:olivine":1,"minecraft:iron_helmet":1,"minecraft:mossy_cobblestone_stairs":1,"crystalcraft_unlimited_java:pyrite":2,"minecraft:black_wool":1,"minecraft:dark_oak_wood":3,"minecraft:coal":1469},"minecraft:dropped":{"minecraft:porkchop":9,"crystalcraft_unlimited_java:rainbow_axe_2":1,"minecraft:lapis_lazuli":204,"minecraft:cooked_beef":7,"minecraft:diamond":32,"minecraft:crafting_table":2,"minecraft:cooked_porkchop":7,"crystalcraft_unlimited_java:prism":17,"crystalcraft_unlimited_java:matizium_armor_leggings":1,"minecraft:cracked_stone_bricks":6,"crystalcraft_unlimited_java:brickerite":1,"graveyard:corruption":2,"minecraft:emerald":8,"crystalcraft_unlimited_java:iris_agate":1,"born_in_chaos_v1:monster_flesh":1,"minecraft:dirt":6,"alexscaves:abyssmarine":64,"minecraft:chain":4,"alexscaves:scrap_metal":2,"minecraft:phantom_membrane":3,"minecraft:dark_oak_planks":1,"minecraft:white_wool":1,"minecraft:bone":38,"alexsmobs:centipede_leg":2,"usefulbackpacks:backpack_large":1,"alexscaves:sweetish_fish_red":8,"minecraft:sugar_cane":9,"minecraft:cobbled_deepslate":140,"minecraft:wheat":2,"minecraft:rotten_flesh":19,"born_in_chaos_v1:smoked_flesh":8,"minecraft:netherite_shovel":1,"crystalcraft_unlimited_java:matizium_armor_helmet":1,"minecraft:nether_brick_fence":2,"alexscaves:sweet_tooth":1,"create:limestone":5,"minecraft:beef":82,"cataclysm:infernal_forge":1,"crystalcraft_unlimited_java:matizium_sword":2,"minecraft:enchanted_book":3,"minecraft:iron_ingot":9,"regions_unexplored:fireweed":1,"moredelight:loaded_hamburger":7,"born_in_chaos_v1:holiday_candy":27,"minecraft:cobblestone":91,"minecraft:book":49,"born_in_chaos_v1:soul_cutlass":1,"minecraft:coal":192,"minecraft:coal_block":2,"minecraft:polished_andesite":6,"minecraft:cobweb":4,"alexscaves:gingerbread_chestplate":1,"undead_revamp2:wincallerfan":1,"alexsmobs:cooked_lobster_tail":1,"minecraft:rose_bush":1,"alexscaves:radiant_essence":1,"regions_unexplored:silver_birch_leaf_pile":18,"minecraft:paper":30,"minecraft:string":75,"minecraft:spruce_sapling":4,"minecraft:furnace":2,"sophisticatedbackpacks:backpack":1,"regions_unexplored:hyssop":1,"minecraft:nether_bricks":6,"minecraft:spruce_fence":2,"minecraft:blast_furnace":2,"minecraft:stone":1,"sons_of_sins:sickle_of_struggle":1,"minecraft:spruce_planks":553,"create:zinc_ingot":21,"minecraft:carved_pumpkin":1,"crystalcraft_unlimited_java:amber":1,"minecraft:spider_eye":1,"minecraft:bow":2,"crystalcraft_unlimited_java:matizium_pickaxe":2,"alexscaves:gingerbread_boots":1,"minecraft:ender_pearl":2,"minecraft:lantern":1,"minecraft:leather":7,"create:crimsite":140,"alexsmobs:bison_fur":11,"alexscaves:candy_cane_hook":1,"minecraft:flint":2,"regions_unexplored:brimsprout":26,"born_in_chaos_v1:monster_skin":3,"gravestone:obituary":1,"alexscaves:cave_map":2,"minecraft:axolotl_bucket":1,"minecraft:polished_blackstone_bricks":5,"minecraft:birch_log":6,"minecraft:gravel":5,"minecraft:blackstone":40,"born_in_chaos_v1:ethereal_spirit":4,"celestial_artifacts:fang_necklace":2,"alexscaves:frostmint_spear":1,"alexscaves:gingerbread_helmet":1,"born_in_chaos_v1:seedof_chaos":3,"minecraft:gunpowder":2,"minecraft:birch_door":2,"minecraft:chest":1,"doggytalents:rice_grains":3,"minecraft:blackstone_slab":4,"minecraft:arrow":64,"minecraft:netherrack":25,"born_in_chaos_v1:dark_rod":1,"minecraft:bread":2,"crystalcraft_unlimited_java:xernium_pickaxe":2,"minecraft:mossy_cobblestone":1,"minecraft:bookshelf":8,"minecraft:copper_ingot":1098,"twilightforest:twilight_oak_sapling":1,"crystalcraft_unlimited_java:matizium_armor_chestplate":1,"minecraft:spruce_fence_gate":1,"celestial_artifacts:red_heart_necklace":1,"crystalcraft_unlimited_java:sardonyx":1,"born_in_chaos_v1:pumpkin_staff":1,"minecraft:diorite":10,"crystalcraft_unlimited_java:radium_pickaxe":2,"minecraft:iron_axe":2,"minecraft:bucket":1,"minecraft:redstone_block":1,"minecraft:redstone":192,"cataclysm:music_disc_netherite_monstrosity":1,"alexsmobs:maggot":1,"minecraft:raw_copper":26,"minecraft:tuff":2,"alexscaves:sugar_staff":1,"minecraft:totem_of_undying":2,"alexsmobs:bear_fur":10,"crystalcraft_unlimited_java:matizium_armor_boots":1,"alexscaves:sharpened_candy_cane":1,"minecraft:shield":1,"minecraft:mossy_stone_bricks":7,"alexscaves:gingerbread_leggings":1,"cataclysm:monstrous_horn":1,"alexscaves:gelatin_red":23},"minecraft:killed":{"minecraft:cave_spider":17,"alexsmobs:lobster":1,"born_in_chaos_v1:mr_pumpkin":25,"born_in_chaos_v1:restless_spirit":6,"born_in_chaos_v1:zombie_lumberjack":9,"born_in_chaos_v1:skeleton_demoman":2,"born_in_chaos_v1:sir_the_headless":5,"born_in_chaos_v1:door_knight_not_despawn":3,"undead_revamp2:clogger":1,"alexsmobs:shoebill":1,"twilightforest:lich_minion":1,"born_in_chaos_v1:siamese_skeletonsright":3,"born_in_chaos_v1:baby_skeleton_minion":3,"undead_revamp2:theswarmer":4,"minecraft:skeleton":144,"undead_revamp2:deadclogger":1,"alexscaves:mine_guardian":5,"twilightforest:lich":1,"graveyard:acolyte":2,"minecraft:chicken":1,"born_in_chaos_v1:skeleton_thrasher":7,"alexsmobs:straddler":2,"alexsmobs:centipede_head":1,"alexscaves:candicorn":3,"born_in_chaos_v1:sir_pumpkinhead":1,"undead_revamp2:thespitter":4,"minecraft:magma_cube":7,"undead_revamp2:theheavy":2,"alexscaves:caramel_cube":3,"minecraft:pillager":76,"undead_revamp2:slaveman":2,"minecraft:zombie":93,"born_in_chaos_v1:corpse_fly":21,"cataclysm:deepling":1,"minecraft:glow_squid":2,"born_in_chaos_v1:door_knight":6,"minecraft:cow":3,"minecraft:evoker":4,"undead_revamp2:thehunter":22,"undead_revamp2:theimmortal":2,"graveyard:nightmare":1,"graveyard:corrupted_vindicator":9,"alexsmobs:raccoon":1,"minecraft:vindicator":60,"undead_revamp2:bomber":7,"born_in_chaos_v1:thornshell_crab":3,"eyesinthedarkness:eyes":1,"born_in_chaos_v1:pumpkinhead":6,"born_in_chaos_v1:lifestealer":2,"twilightforest:death_tome":5,"cataclysm:deepling_angler":5,"born_in_chaos_v1:spiritof_chaos":3,"the_bumblezone:variant_bee":9,"undead_revamp2:the_moonflower":29,"twilightforest:kobold":2,"minecraft:ravager":1,"alexsmobs:rhinoceros":2,"born_in_chaos_v1:decrepit_skeleton":29,"born_in_chaos_v1:bloody_gadfly":1,"undead_revamp2:thesomnolence":7,"alexsmobs:crocodile":1,"born_in_chaos_v1:dark_vortex":8,"minecraft:enderman":4,"born_in_chaos_v1:lifestealer_true_form":3,"undead_revamp2:thewolf":4,"born_in_chaos_v1:zombie_clown":1,"minecraft:zombified_piglin":4,"minecraft:witch":2,"born_in_chaos_v1:sir_pumpkinhead_without_horse":2,"minecraft:spider":30,"alexsmobs:snow_leopard":2,"cataclysm:netherite_monstrosity":1,"undead_revamp2:thesmoker":3,"minecraft:wither":1,"born_in_chaos_v1:scarlet_persecutor":11,"alexsmobs:alligator_snapping_turtle":1,"alexsmobs:banana_slug":1,"minecraft:bee":134,"alexscaves:gum_worm":1,"minecraft:silverfish":3,"undead_revamp2:therod":3,"minecraft:illusioner":2,"minecraft:piglin_brute":28,"born_in_chaos_v1:firelight_not_despawn":4,"artifacts:mimic":2,"minecraft:piglin":31,"born_in_chaos_v1:bonescaller":2,"minecraft:pig":2,"alexsmobs:grizzly_bear":9,"minecraft:zombie_villager":9,"born_in_chaos_v1:diamond_termite":11,"minecraft:creeper":20,"alexsmobs:crimson_mosquito":4,"alexscaves:gingerbread_man":1,"minecraft:sheep":7,"undead_revamp2:theordure":1,"born_in_chaos_v1:zombie_fisherman":2,"alexscaves:caniac":4,"cataclysm:deepling_brute":2,"alexscaves:licowitch":1,"born_in_chaos_v1:dread_hound":24,"creeperoverhaul:swamp_creeper":1,"alexsmobs:sunbird":1,"minecraft:stray":7,"minecraft:ghast":1,"undead_revamp2:theskeeper":1,"alexsmobs:fly":1,"graveyard:corrupted_pillager":10,"minecraft:blaze":18,"born_in_chaos_v1:siamese_skeletonsleft":2,"minecraft:vex":10,"undead_revamp2:bigsucker":24,"born_in_chaos_v1:missioner":6,"undead_revamp2:thegliter":2,"born_in_chaos_v1:zombie_bruiser":5,"born_in_chaos_v1:maggot":22,"minecraft:phantom":6,"twilightforest:swarm_spider":1,"alexscaves:gummy_bear":2,"cataclysm:lionfish":5,"minecraft:drowned":2,"born_in_chaos_v1:corpse_fish":2,"undead_revamp2:thehorrors":1,"undead_revamp2:sucker":101,"born_in_chaos_v1:siamese_skeletons":3,"born_in_chaos_v1:fallen_chaos_knight":4,"born_in_chaos_v1:felsteed":6,"aquamirae:maw":10,"born_in_chaos_v1:baby_skeleton":7,"born_in_chaos_v1:swarmer":2,"minecraft:hoglin":4,"born_in_chaos_v1:phantom_creeper_copy":1,"born_in_chaos_v1:decaying_zombie":16,"sons_of_sins:betrayed_guzzler":4,"alexsmobs:moose":2,"born_in_chaos_v1:nightmare_stalker":3,"minecraft:wither_skeleton":43,"born_in_chaos_v1:decaying_zombie_not_despawn":3},"minecraft:custom":{"minecraft:interact_with_crafting_table":31,"minecraft:open_barrel":67,"minecraft:leave_game":35,"minecraft:time_since_death":1190861,"minecraft:damage_blocked_by_shield":1055,"minecraft:play_time":1190861,"minecraft:jump":17331,"minecraft:enchant_item":29,"minecraft:interact_with_furnace":42,"minecraft:traded_with_villager":49,"minecraft:sleep_in_bed":11,"minecraft:waystone_activated":27,"minecraft:damage_dealt":165162,"minecraft:interact_with_smithing_table":25,"minecraft:interact_with_anvil":7,"minecraft:damage_dealt_absorbed":6803,"minecraft:sneak_time":62966,"minecraft:interact_with_lectern":2,"minecraft:total_world_time":1190861,"minecraft:time_since_rest":55989,"minecraft:swim_one_cm":561611,"minecraft:fly_one_cm":5954075,"minecraft:open_chest":704,"minecraft:fall_one_cm":942493,"minecraft:damage_resisted":1683,"minecraft:sprint_one_cm":3833859,"minecraft:drop":235,"minecraft:talked_to_villager":26,"minecraft:interact_with_brewingstand":1,"minecraft:walk_on_water_one_cm":247960,"minecraft:player_kills":4,"minecraft:crouch_one_cm":186791,"minecraft:mob_kills":1435,"minecraft:damage_dealt_resisted":58813,"minecraft:climb_one_cm":52482,"minecraft:walk_one_cm":2371076,"minecraft:walk_under_water_one_cm":392386,"spartanshields:shield_bash_hits":4,"minecraft:raid_trigger":1,"minecraft:interact_with_grindstone":1,"minecraft:damage_taken":8162,"minecraft:damage_absorbed":594},"minecraft:mined":{"minecraft:dark_prismarine_stairs":1,"crystalcraft_unlimited_java:topaz_ore":2,"crystalcraft_unlimited_java:amazonite_ore":1,"crystalcraft_unlimited_java:zircon_ore":3,"regions_unexplored:yellow_bioshroom_block":1,"regions_unexplored:brimsprout":18,"minecraft:white_bed":4,"minecraft:blackstone_stairs":4,"minecraft:weathered_cut_copper_slab":12,"crystalcraft_unlimited_java:rose_quartz_ore":1,"regions_unexplored:magnolia_log":14,"minecraft:red_nether_bricks":28,"crystalcraft_unlimited_java:chrome_ore":3,"minecraft:obsidian":264,"minecraft:carved_pumpkin":1,"minecraft:potted_dead_bush":1,"regions_unexplored:cattail":2,"crystalcraft_unlimited_java:yurium_ore":2,"minecraft:granite":384,"minecraft:chiseled_polished_blackstone":5,"born_in_chaos_v1:dark_metal_deposit":1,"minecraft:coal_block":10,"minecraft:deepslate_bricks":2,"minecraft:deepslate_tile_stairs":1,"alexscaves:muck":1,"minecraft:nether_wart":4,"twilightforest:nagastone_pillar":3,"minecraft:chiseled_stone_bricks":4,"minecraft:spawner":64,"crystalcraft_unlimited_java:turquoise_ore":4,"minecraft:polished_blackstone_bricks":313,"minecraft:magma_block":120,"regions_unexplored:pointed_redstone":1,"minecraft:mossy_cobblestone_stairs":2,"crystalcraft_unlimited_java:peacock_ore_block":1,"minecraft:cobbled_deepslate":68,"minecraft:barrel":3,"minecraft:fire":35,"graveyard:ossuary":1,"crystalcraft_unlimited_java:sapphire_ore":1,"crystalcraft_unlimited_java:pink_ruby_ore":2,"minecraft:deepslate_lapis_ore":6,"crystalcraft_unlimited_java:grandidierite_ore":7,"the_bumblezone:honeycomb_brood_block":1,"minecraft:nether_brick_stairs":28,"minecraft:enchanting_table":2,"alexscaves:smooth_bone_slab":11,"minecraft:dirt_path":5,"minecraft:oak_stairs":5,"minecraft:deepslate_brick_stairs":2,"alexscaves:rock_candy_yellow":12,"minecraft:spruce_wood":11,"crystalcraft_unlimited_java:pitambari_neelam_ore":2,"regions_unexplored:silt_grass_block":11,"create:limestone":6,"alexscaves:baleen_bone":3,"crystalcraft_unlimited_java:kunzite_ore":1,"minecraft:crimson_nylium":44,"minecraft:smoker":3,"minecraft:soul_fire":77,"regions_unexplored:duckweed":1,"minecraft:deepslate_tile_slab":2,"crystalcraft_unlimited_java:deepslate_magnesium_ore":5,"minecraft:powder_snow":1,"crystalcraft_unlimited_java:tourmaline_ore":4,"born_in_chaos_v1:infected_deepslate_diamond_ore":2,"minecraft:torch":2,"minecraft:blast_furnace":1,"crystalcraft_unlimited_java:pyrite_ore":2,"minecraft:dark_oak_wood":3,"regions_unexplored:peat_grass_block":7,"alexscaves:thin_bone":2,"minecraft:oxidized_copper":11,"create:scoria":93,"minecraft:nether_brick_slab":4,"crystalcraft_unlimited_java:deepslate_silver_ore":1,"minecraft:bricks":11,"crystalcraft_unlimited_java:stibnite_ore":7,"crystalcraft_unlimited_java:rare_deepslate_sapphire_ore":3,"crystalcraft_unlimited_java:pink_diamond_ore":2,"alexscaves:cake_layer":144,"minecraft:skeleton_skull":2,"minecraft:white_terracotta":7,"minecraft:chain":27,"crystalcraft_unlimited_java:iridium_ore":1,"crystalcraft_unlimited_java:deepslate_titanium_ore":1,"crystalcraft_unlimited_java:deepslate_sapphire_ore":12,"crystalcraft_unlimited_java:lead_ore":2,"crystalcraft_unlimited_java:deepslate_black_opal_ore":6,"minecraft:jukebox":1,"born_in_chaos_v1:c_black_argillite_brick_n":1,"butcher:sulfurore":1,"born_in_chaos_v1:black_argillite_brick":3,"minecraft:stone_brick_stairs":13,"crystalcraft_unlimited_java:black_opal_ore":3,"minecraft:infested_mossy_stone_bricks":1,"minecraft:grass":26,"minecraft:smooth_quartz":405,"minecraft:smooth_basalt":6,"alexscaves:cookie_block":1,"born_in_chaos_v1:infernal_evil_pumpkin_s":1,"minecraft:deepslate":6819,"regions_unexplored:mycotoxic_grass":4,"regions_unexplored:fireweed":1,"create:zinc_ore":21,"regions_unexplored:glistering_sprout":1,"minecraft:yellow_terracotta":7,"minecraft:dark_prismarine":25,"minecraft:deepslate_tiles":6,"born_in_chaos_v1:black_argillite_column_n":3,"alexscaves:hollow_bone":2,"crystalcraft_unlimited_java:deepslate_ametyst_ore":1,"minecraft:light_blue_wool":1,"born_in_chaos_v1:cursed_scarlet_ornate_glass_pane":2,"minecraft:mossy_cobblestone":37,"crystalcraft_unlimited_java:deepslate_grand_ore":12,"alexscaves:bone_ribs":13,"crystalcraft_unlimited_java:sulfur_ore":3,"minecraft:stripped_birch_log":1,"minecraft:dark_oak_log":5,"minecraft:nether_bricks":54,"minecraft:allium":1,"crystalcraft_unlimited_java:meteorite":1,"minecraft:dark_oak_fence":36,"alexscaves:rock_candy_white":10,"minecraft:spruce_fence":11,"alexscaves:abyssmarine":633,"born_in_chaos_v1:black_argillite":42,"graveyard:tg_deepslate":4,"crystalcraft_unlimited_java:deepslate_jade_ore":3,"minecraft:crimson_roots":1,"regions_unexplored:maple_leaves":1,"minecraft:lime_wool":6,"the_bumblezone:filled_porous_honeycomb_block":3,"minecraft:moss_block":11,"minecraft:cartography_table":1,"crystalcraft_unlimited_java:iolite_ore":2,"blue_skies:frostbright_bookshelf":2,"alexscaves:mussel":1,"minecraft:redstone_ore":1,"crystalcraft_unlimited_java:malachite_ore":3,"minecraft:red_sandstone":22,"minecraft:andesite":646,"crystalcraft_unlimited_java:deepslate_peridot_ore":2,"crystalcraft_unlimited_java:tungsten_ore":1,"minecraft:mossy_stone_brick_stairs":5,"minecraft:vine":2,"crystalcraft_unlimited_java:bloodstone_ore":2,"minecraft:bone_block":6,"crystalcraft_unlimited_java:nickel_ore":3,"minecraft:white_wool":7,"minecraft:green_wool":7,"alexscaves:abyssmarine_brick_stairs":1,"minecraft:smithing_table":1,"alexscaves:smooth_bone_stairs":6,"minecraft:waxed_weathered_cut_copper_stairs":2,"minecraft:redstone_block":1,"minecraft:chiseled_nether_bricks":1,"minecraft:soul_sand":79,"minecraft:stone_brick_slab":2,"create_new_age:magnetite_block":3,"minecraft:polished_blackstone_brick_wall":3,"minecraft:dandelion":2,"minecraft:emerald_ore":3,"crystalcraft_unlimited_java:olivine_ore":2,"regions_unexplored:silt_dirt":1,"minecraft:lightning_rod":1,"minecraft:copper_ore":38,"minecraft:tall_grass":16,"alexscaves:smooth_bone":7,"minecraft:deepslate_gold_ore":13,"crystalcraft_unlimited_java:deepslate_sardonyx_ore":4,"minecraft:cracked_deepslate_bricks":2,"crystalcraft_unlimited_java:cyan_emerald_ore":1,"minecraft:diorite":10,"crystalcraft_unlimited_java:magnesium_ore":3,"minecraft:coarse_dirt":7,"crystalcraft_unlimited_java:deepslate_ammolite_ore":6,"alexscaves:depth_glass":36,"crystalcraft_unlimited_java:deepslate_matizium_ore":1,"crystalcraft_unlimited_java:alexandrite_ore":1,"minecraft:creeper_head":1,"alexscaves:rusty_barrel":2,"minecraft:spruce_log":15,"minecraft:weathered_cut_copper":4,"minecraft:quartz_pillar":3,"minecraft:gravel":28,"minecraft:cobweb":20,"crystalcraft_unlimited_java:aluminium_ore":2,"minecraft:polished_blackstone":11,"minecraft:stone_bricks":187,"minecraft:gold_ore":3,"minecraft:deepslate_emerald_ore":1,"minecraft:iron_trapdoor":2,"minecraft:fern":1,"alexscaves:sweet_puff":2,"minecraft:spruce_planks":22,"create:deepslate_zinc_ore":2,"minecraft:andesite_stairs":2,"minecraft:sculk_vein":1,"minecraft:cobblestone_stairs":5,"minecraft:brewing_stand":2,"crystalcraft_unlimited_java:medusa_quartz_ore":1,"minecraft:stripped_crimson_hyphae":1,"minecraft:grass_block":19,"regions_unexplored:yellow_bioshroom_stem":2,"minecraft:cracked_polished_blackstone_bricks":224,"alexscaves:rock_candy_purple":23,"minecraft:soul_soil":35,"minecraft:polished_blackstone_brick_slab":4,"crystalcraft_unlimited_java:amethyst_ore":2,"crystalcraft_unlimited_java:catseye_ore":1,"minecraft:gilded_blackstone":1,"minecraft:smooth_stone":1,"crystalcraft_unlimited_java:peridot_ore":1,"minecraft:glowstone":27,"minecraft:red_nether_brick_stairs":2,"born_in_chaos_v1:black_argillite_brick_slab":1,"minecraft:iron_ore":109,"alexscaves:abyssmarine_bricks":3,"regions_unexplored:mossy_stone":2,"born_in_chaos_v1:black_argillite_brick_stairs_n":2,"alexscaves:rusty_scrap_metal":2,"minecraft:black_carpet":2,"create:asurine":263,"alexscaves:rock_candy_orange":10,"crystalcraft_unlimited_java:garnet_ore":2,"alexscaves:bone_nodule":3,"alexscaves:rock_candy_lime":13,"crystalcraft_unlimited_java:prism_ore":9,"minecraft:iron_bars":40,"alexscaves:rusty_scrap_metal_plate":43,"minecraft:spruce_slab":2,"minecraft:green_bed":1,"crystalcraft_unlimited_java:matizium_ore":3,"crystalcraft_unlimited_java:deepslate_prism_ore":9,"minecraft:deepslate_redstone_ore":11,"crystalcraft_unlimited_java:peacock_topaz_ore":3,"crystalcraft_unlimited_java:deepslate_malachite_ore":1,"minecraft:quartz_block":3,"minecraft:polished_blackstone_wall":1,"minecraft:cyan_terracotta":288,"minecraft:blackstone":213,"alexscaves:licoroot":2,"minecraft:clay":12,"minecraft:light_gray_terracotta":36,"minecraft:calcite":262,"minecraft:mossy_cobblestone_wall":1,"minecraft:chest":2,"alexscaves:twilight_anemone":1,"born_in_chaos_v1:black_argillite_column_slab":1,"minecraft:mushroom_stem":36,"minecraft:nether_quartz_ore":41,"minecraft:wither_skeleton_wall_skull":1,"minecraft:cobblestone":271,"minecraft:honeycomb_block":46,"alexscaves:rusty_scaffolding":3,"minecraft:grindstone":2,"minecraft:oak_planks":3,"minecraft:wall_torch":4,"minecraft:iron_door":10,"minecraft:deepslate_copper_ore":5,"crystalcraft_unlimited_java:citrine_ore":1,"minecraft:seagrass":1,"crystalcraft_unlimited_java:deepslate_zirconium_ore":2,"minecraft:yellow_wool":6,"born_in_chaos_v1:fired_black_argillite":1,"crystalcraft_unlimited_java:deepslate_garnet_ore":4,"minecraft:light_gray_wool":2,"minecraft:orange_tulip":4,"minecraft:smooth_stone_slab":27,"minecraft:cracked_deepslate_tiles":6,"minecraft:oak_log":1,"regions_unexplored:peat_dirt":8,"crystalcraft_unlimited_java:deepslate_aquamarine_ore":6,"crystalcraft_unlimited_java:brickerite_ore":1,"minecraft:sand":2,"minecraft:dirt":60,"crystalcraft_unlimited_java:deepslate_flourite_ore":4,"crystalcraft_unlimited_java:iris_agate_ore":3,"regions_unexplored:cobalt_nylium":5,"crystalcraft_unlimited_java:rutile_ore":1,"minecraft:netherrack":3816,"minecraft:ancient_debris":1,"regions_unexplored:glistering_nylium":17,"minecraft:oak_leaves":3,"create:crimsite":94,"crystalcraft_unlimited_java:saphire_ore":2,"minecraft:nether_gold_ore":16,"minecraft:tuff":347,"crystalcraft_unlimited_java:ametrine_ore":4,"minecraft:deepslate_diamond_ore":20,"minecraft:blackstone_wall":1,"born_in_chaos_v1:infected_diamond_ore":3,"crystalcraft_unlimited_java:deepslate_topaz_ore":5,"gravestone:gravestone":1,"minecraft:chiseled_bookshelf":1,"minecraft:stone_button":2,"alexscaves:rock_candy_cyan":18,"minecraft:weathered_copper":5,"alexscaves:bone_worms":3,"crystalcraft_unlimited_java:chalcanthite_ore":2,"crystalcraft_unlimited_java:tin_ore":1,"minecraft:spruce_leaves":10,"regions_unexplored:raw_redstone_block":18,"minecraft:cracked_nether_bricks":2,"minecraft:large_fern":1,"crystalcraft_unlimited_java:deepslate_vanadium_ore":1,"minecraft:oxidized_cut_copper":22,"minecraft:furnace":2,"minecraft:polished_basalt":2,"create:scorchia":3,"minecraft:stripped_spruce_log":3,"minecraft:gold_block":27,"alexscaves:rock_candy_red":10,"minecraft:nether_brick_fence":6,"minecraft:bookshelf":4,"minecraft:deepslate_iron_ore":32,"toolleveling:tool_leveling_table":1,"minecraft:oxidized_cut_copper_slab":16,"minecraft:packed_ice":3,"minecraft:stripped_jungle_log":1,"crystalcraft_unlimited_java:jade_ore":1,"regions_unexplored:medium_grass":7,"crystalcraft_unlimited_java:amber_ore":3,"minecraft:white_tulip":10,"minecraft:stone":7076,"regions_unexplored:brimsprout_nylium":102,"crystalcraft_unlimited_java:silver_ore":2,"minecraft:podzol":5,"minecraft:flowering_azalea":1,"minecraft:red_wool":3,"regions_unexplored:silver_birch_leaf_pile":5,"minecraft:infested_stone_bricks":5,"alexscaves:abyssmarine_tiles":2,"minecraft:stripped_dark_oak_log":3,"twilightforest:hedge":1,"minecraft:basalt":42,"regions_unexplored:mycotoxic_moss":1,"minecraft:spruce_door":3,"minecraft:polished_granite":3,"minecraft:crafting_table":2,"minecraft:honey_block":5,"minecraft:blackstone_slab":4,"crystalcraft_unlimited_java:fire_opal_ore":4,"crystalcraft_unlimited_java:deepslate_cadmium_ore":2,"born_in_chaos_v1:black_argillite_brick_n":1,"minecraft:rose_bush":2,"minecraft:stone_slab":2,"minecraft:deepslate_coal_ore":2,"born_in_chaos_v1:chipped_black_argillite_brick":2,"minecraft:lapis_ore":3,"regions_unexplored:daisy":1,"minecraft:polished_blackstone_brick_stairs":14,"minecraft:sculk":7,"alexscaves:block_of_frosted_chocolate":22,"minecraft:spruce_stairs":3,"minecraft:birch_planks":1,"crystalcraft_unlimited_java:hackmantite_ore":1,"minecraft:brick_slab":2,"crystalcraft_unlimited_java:deepslate_tantalum_ore":1,"alexscaves:abyssmarine_stairs":1,"minecraft:polished_blackstone_slab":4,"minecraft:yellow_bed":1,"minecraft:black_wool":16,"minecraft:coal_ore":189,"minecraft:gray_carpet":1,"crystalcraft_unlimited_java:deepslate_manganese_ore":2,"minecraft:cracked_stone_bricks":77,"crystalcraft_unlimited_java:deepslate_chrysolite_ore":5,"alexscaves:smooth_bone_wall":7,"alexscaves:block_of_chocolate":25,"minecraft:polished_andesite":22,"minecraft:mossy_stone_bricks":79,"minecraft:birch_fence":5,"minecraft:dark_oak_planks":28}},"DataVersion":3465}