{"stats":{"minecraft:custom":{"minecraft:interact_with_smithing_table":7,"minecraft:mob_kills":138,"minecraft:interact_with_crafting_table":6,"minecraft:open_barrel":12,"minecraft:damage_dealt_resisted":1197,"minecraft:leave_game":8,"minecraft:time_since_death":302130,"minecraft:climb_one_cm":8391,"minecraft:sprint_one_cm":596522,"minecraft:walk_one_cm":378980,"minecraft:damage_blocked_by_shield":135,"minecraft:drop":3,"minecraft:talked_to_villager":4,"minecraft:play_time":302130,"minecraft:sneak_time":7429,"minecraft:walk_under_water_one_cm":60890,"minecraft:interact_with_lectern":1,"minecraft:jump":2615,"minecraft:walk_on_water_one_cm":31653,"minecraft:enchant_item":15,"minecraft:total_world_time":302130,"minecraft:interact_with_furnace":13,"minecraft:traded_with_villager":1,"minecraft:raid_trigger":1,"minecraft:sleep_in_bed":5,"minecraft:time_since_rest":35355,"minecraft:waystone_activated":8,"minecraft:damage_taken":420,"minecraft:damage_dealt":19793,"minecraft:swim_one_cm":75472,"minecraft:fly_one_cm":934476,"minecraft:open_chest":93,"minecraft:crouch_one_cm":13392,"minecraft:fall_one_cm":64224},"minecraft:used":{"minecraft:netherite_sword":19,"crystalcraft_unlimited_java:radium_armor_boots":4,"minecraft:enchanting_table":2,"minecraft:stone_sword":14,"minecraft:flint_and_steel":2,"minecraft:armor_stand":1,"minecraft:ladder":12,"minecraft:black_carpet":1,"minecraft:chest":21,"minecraft:spruce_planks":9,"minecraft:white_terracotta":7,"minecraft:stone":6,"crystalcraft_unlimited_java:radium_armor_chestplate":4,"minecraft:netherrack":1,"crystalcraft_unlimited_java:radium_armor_helmet":5,"minecraft:iron_chestplate":1,"minecraft:torch":104,"minecraft:brick_slab":2,"minecraft:obsidian":24,"minecraft:glass":20,"minecraft:birch_door":1,"minecraft:spruce_boat":15,"born_in_chaos_v1:corpse_maggot":1,"alexscaves:block_of_chocolate":1,"securitycraft:secret_sign_item":4,"minecraft:grass_block":13,"minecraft:iron_helmet":1,"minecraft:iron_boots":1,"minecraft:smooth_basalt":1,"minecraft:furnace":10,"minecraft:netherite_pickaxe":16,"crystalcraft_unlimited_java:mythril_sword":100,"minecraft:iron_leggings":1,"minecraft:water_bucket":90,"minecraft:cobblestone_stairs":68,"minecraft:birch_planks":185,"minecraft:birch_leaves":797,"crystalcraft_unlimited_java:radium_armor_leggings":4,"minecraft:blackstone":2,"minecraft:cracked_stone_bricks":4,"minecraft:crafting_table":6,"minecraft:red_bed":1,"minecraft:white_bed":7,"toolleveling:tool_leveling_table":1,"minecraft:birch_fence":112,"waystones:waystone":4,"minecraft:birch_fence_gate":3,"crystalcraft_unlimited_java:xernium_pickaxe":176,"spartanshields:diamond_tower_shield":8,"minecraft:gravel":1,"moredelight:loaded_hamburger":19,"minecraft:cobblestone":181,"minecraft:smithing_table":1,"minecraft:bucket":39,"minecraft:birch_log":176,"minecraft:yellow_bed":1,"minecraft:coarse_dirt":2,"minecraft:birch_stairs":8},"minecraft:crafted":{"minecraft:spruce_boat":1,"blue_skies:blue_journal":1,"minecraft:crafting_table":2,"minecraft:spruce_planks":1024,"minecraft:red_bed":1,"minecraft:air":0,"crystalcraft_unlimited_java:radium_armor_boots":1,"crystalcraft_unlimited_java:radium_armor_helmet":1,"crystalcraft_unlimited_java:radium_armor_leggings":1},"minecraft:mined":{"minecraft:yellow_terracotta":7,"minecraft:spruce_planks":3,"minecraft:dark_oak_fence":2,"minecraft:grass_block":3,"minecraft:spruce_leaves":5,"minecraft:cobbled_deepslate":2,"graveyard:ossuary":1,"minecraft:black_carpet":2,"minecraft:deepslate_iron_ore":7,"minecraft:oak_stairs":3,"minecraft:packed_ice":3,"minecraft:stone":41,"minecraft:smithing_table":1,"minecraft:red_wool":3,"minecraft:blackstone":25,"minecraft:tall_grass":2,"minecraft:oak_planks":1,"alexscaves:block_of_frosted_chocolate":1,"minecraft:wall_torch":1,"minecraft:skeleton_skull":1,"minecraft:white_terracotta":7,"minecraft:coarse_dirt":2,"minecraft:brick_slab":2,"minecraft:creeper_head":1,"minecraft:jukebox":1,"minecraft:stone_brick_stairs":3,"minecraft:yellow_bed":1,"minecraft:grass":3,"minecraft:coal_ore":2,"minecraft:gravel":2,"minecraft:sand":2,"minecraft:dirt":2,"minecraft:cracked_stone_bricks":4,"minecraft:smooth_basalt":2,"minecraft:stone_bricks":1,"minecraft:deepslate":82},"minecraft:killed":{"born_in_chaos_v1:lifestealer_true_form":1,"born_in_chaos_v1:missioner":2,"undead_revamp2:thehunter":4,"born_in_chaos_v1:zombie_lumberjack":2,"minecraft:vindicator":6,"minecraft:spider":3,"born_in_chaos_v1:thornshell_crab":2,"born_in_chaos_v1:zombie_bruiser":1,"born_in_chaos_v1:maggot":2,"undead_revamp2:theswarmer":1,"born_in_chaos_v1:scarlet_persecutor":3,"eyesinthedarkness:eyes":1,"minecraft:skeleton":14,"minecraft:bee":1,"undead_revamp2:therod":1,"undead_revamp2:thespitter":1,"born_in_chaos_v1:spiritof_chaos":1,"born_in_chaos_v1:fallen_chaos_knight":1,"aquamirae:maw":10,"alexsmobs:grizzly_bear":1,"minecraft:zombie_villager":1,"born_in_chaos_v1:swarmer":1,"undead_revamp2:the_moonflower":6,"alexsmobs:rhinoceros":1,"minecraft:creeper":4,"born_in_chaos_v1:decrepit_skeleton":6,"minecraft:sheep":2,"minecraft:pillager":27,"undead_revamp2:slaveman":1,"born_in_chaos_v1:decaying_zombie":5,"minecraft:zombie":11,"born_in_chaos_v1:dread_hound":4,"alexsmobs:sunbird":1,"born_in_chaos_v1:corpse_fly":6,"born_in_chaos_v1:dark_vortex":1,"born_in_chaos_v1:nightmare_stalker":1,"alexsmobs:fly":1},"minecraft:dropped":{"minecraft:enchanted_book":1,"celestial_artifacts:red_heart_necklace":1,"alexscaves:cave_map":1},"minecraft:picked_up":{"undead_revamp2:bostroxingot":5,"minecraft:coarse_dirt":2,"minecraft:black_carpet":2,"minecraft:creeper_head":1,"born_in_chaos_v1:seedof_chaos":5,"minecraft:smithing_table":1,"born_in_chaos_v1:charmof_resistance":1,"minecraft:oak_stairs":3,"minecraft:enchanted_book":1,"minecraft:stone_brick_stairs":2,"minecraft:string":63,"minecraft:iron_axe":1,"minecraft:blackstone":24,"minecraft:cracked_stone_bricks":4,"minecraft:cobbled_deepslate":77,"minecraft:spruce_planks":3,"born_in_chaos_v1:gnawed_bones":1,"minecraft:redstone_torch":1,"minecraft:mangrove_log":2,"minecraft:stick":2,"minecraft:raw_iron":230,"minecraft:jukebox":1,"minecraft:copper_ingot":1,"minecraft:torch":4,"minecraft:stone_button":1,"born_in_chaos_v1:nightmare_claw":1,"born_in_chaos_v1:pieceofdarkmetal":27,"born_in_chaos_v1:charmof_fury":1,"minecraft:arrow":485,"minecraft:rotten_flesh":156,"born_in_chaos_v1:wood_splitter_axe":1,"alexscaves:block_of_chocolate":1,"minecraft:yellow_terracotta":5,"born_in_chaos_v1:spiny_shell":3,"minecraft:gold_ingot":2,"minecraft:white_terracotta":7,"undead_revamp2:wincallerfan":1,"minecraft:skeleton_skull":1,"minecraft:white_wool":2,"minecraft:cobblestone":29,"undead_revamp2:bostroxset_boots":1,"born_in_chaos_v1:corpse_maggot":6,"celestial_artifacts:red_heart_necklace":1,"born_in_chaos_v1:monster_flesh":4,"minecraft:potato":1,"alexsmobs:bear_fur":23,"minecraft:oak_log":2,"minecraft:yellow_bed":1,"minecraft:gunpowder":1,"minecraft:dirt":2,"minecraft:white_banner":1,"aquamirae:fin":8,"born_in_chaos_v1:monster_skin":1,"minecraft:cooked_mutton":46,"minecraft:bone":72,"minecraft:stone_bricks":1,"undead_revamp2:blacpetalblock":1,"minecraft:bow":2,"minecraft:wheat_seeds":1,"minecraft:iron_ingot":6,"minecraft:oak_planks":1,"minecraft:smooth_basalt":1,"born_in_chaos_v1:lifestealer_bone":3,"minecraft:red_wool":3,"born_in_chaos_v1:ethereal_spirit":10,"graveyard:ossuary":1,"minecraft:gravel":2,"minecraft:sand":1,"minecraft:spruce_log":1,"minecraft:spider_eye":39,"minecraft:brick_slab":2,"minecraft:spruce_boat":14,"waystones:waystone":2,"minecraft:crossbow":11,"minecraft:emerald":533,"alexscaves:cave_map":1,"alexsmobs:maggot":1,"born_in_chaos_v1:rotten_fish":1,"minecraft:coal":81,"minecraft:dark_oak_fence":1}},"DataVersion":3465}