{"stats":{"minecraft:custom":{"minecraft:time_since_rest":46533,"minecraft:waystone_activated":2,"minecraft:interact_with_furnace":11,"minecraft:sprint_one_cm":61771,"minecraft:walk_one_cm":165562,"minecraft:mob_kills":11,"minecraft:drop":1,"minecraft:damage_dealt":2039,"minecraft:interact_with_crafting_table":2,"minecraft:fly_one_cm":334097,"minecraft:open_chest":66,"minecraft:crouch_one_cm":7908,"minecraft:play_time":132924,"minecraft:sneak_time":4492,"minecraft:walk_under_water_one_cm":5586,"minecraft:jump":491,"minecraft:leave_game":5,"minecraft:walk_on_water_one_cm":1717,"minecraft:time_since_death":132924,"minecraft:enchant_item":15,"minecraft:sleep_in_bed":3,"minecraft:climb_one_cm":4482,"minecraft:total_world_time":132924,"minecraft:fall_one_cm":894},"minecraft:used":{"minecraft:birch_door":1,"waystones:waystone":2,"minecraft:glass":20,"minecraft:netherite_sword":19,"minecraft:enchanting_table":1,"crystalcraft_unlimited_java:radium_armor_boots":1,"minecraft:stone_sword":14,"minecraft:cobblestone_stairs":68,"minecraft:birch_fence_gate":3,"minecraft:flint_and_steel":2,"minecraft:birch_leaves":797,"securitycraft:secret_sign_item":4,"minecraft:birch_planks":185,"minecraft:armor_stand":1,"minecraft:grass_block":13,"crystalcraft_unlimited_java:radium_armor_leggings":2,"minecraft:ladder":12,"minecraft:chest":21,"minecraft:iron_helmet":1,"minecraft:stone":6,"minecraft:iron_boots":1,"crystalcraft_unlimited_java:radium_armor_chestplate":2,"minecraft:netherrack":1,"crystalcraft_unlimited_java:radium_armor_helmet":1,"minecraft:iron_chestplate":1,"minecraft:torch":99,"minecraft:cobblestone":156,"minecraft:crafting_table":4,"minecraft:furnace":10,"minecraft:birch_log":176,"minecraft:white_bed":7,"toolleveling:tool_leveling_table":1,"minecraft:birch_stairs":8,"minecraft:iron_leggings":1,"minecraft:obsidian":24,"minecraft:birch_fence":112},"minecraft:crafted":{"minecraft:spruce_planks":1024},"minecraft:killed":{"eyesinthedarkness:eyes":1,"minecraft:skeleton":6,"minecraft:creeper":4},"minecraft:dropped":{"minecraft:enchanted_book":1},"minecraft:picked_up":{"minecraft:torch":2,"minecraft:enchanted_book":1,"minecraft:gunpowder":1,"minecraft:bone":3,"minecraft:arrow":4,"minecraft:wheat_seeds":1}},"DataVersion":3465}