{"stats":{"minecraft:custom":{"minecraft:interact_with_crafting_table":14,"minecraft:open_barrel":19,"minecraft:leave_game":11,"minecraft:time_since_death":384849,"minecraft:sprint_one_cm":771550,"minecraft:damage_blocked_by_shield":135,"minecraft:drop":51,"minecraft:talked_to_villager":5,"minecraft:play_time":384849,"minecraft:jump":3726,"minecraft:walk_on_water_one_cm":50109,"minecraft:enchant_item":15,"minecraft:interact_with_furnace":16,"minecraft:traded_with_villager":1,"minecraft:sleep_in_bed":8,"minecraft:waystone_activated":9,"minecraft:damage_dealt":27903,"minecraft:player_kills":1,"minecraft:crouch_one_cm":21588,"minecraft:interact_with_smithing_table":7,"minecraft:mob_kills":182,"minecraft:damage_dealt_resisted":1217,"minecraft:climb_one_cm":15360,"minecraft:walk_one_cm":495687,"minecraft:sneak_time":10620,"minecraft:walk_under_water_one_cm":176450,"minecraft:interact_with_lectern":1,"minecraft:total_world_time":384849,"minecraft:raid_trigger":1,"minecraft:time_since_rest":4504,"minecraft:damage_taken":709,"minecraft:swim_one_cm":277516,"minecraft:fly_one_cm":1229824,"minecraft:open_chest":155,"minecraft:fall_one_cm":91422},"minecraft:used":{"crystalcraft_unlimited_java:radium_armor_boots":5,"minecraft:ladder":12,"minecraft:black_carpet":1,"minecraft:chest":21,"minecraft:white_terracotta":7,"minecraft:stone":6,"minecraft:iron_sword":3,"minecraft:iron_chestplate":1,"minecraft:brick_slab":2,"minecraft:obsidian":24,"minecraft:spruce_boat":16,"born_in_chaos_v1:corpse_maggot":1,"minecraft:glass":20,"securitycraft:secret_sign_item":4,"minecraft:grass_block":13,"minecraft:iron_helmet":1,"minecraft:furnace":10,"minecraft:spruce_door":3,"minecraft:birch_leaves":797,"minecraft:oak_planks":9,"minecraft:blackstone":2,"minecraft:diamond_axe":8,"minecraft:birch_fence":112,"waystones:waystone":5,"minecraft:birch_fence_gate":3,"alexscaves:abyssmarine":122,"crystalcraft_unlimited_java:xernium_pickaxe":1211,"spartanshields:diamond_tower_shield":8,"minecraft:gravel":1,"minecraft:smithing_table":1,"minecraft:birch_log":176,"minecraft:coarse_dirt":2,"minecraft:netherite_sword":19,"minecraft:enchanting_table":2,"minecraft:stone_sword":14,"minecraft:flint_and_steel":2,"minecraft:armor_stand":1,"minecraft:spruce_planks":9,"crystalcraft_unlimited_java:radium_armor_chestplate":4,"minecraft:netherrack":1,"crystalcraft_unlimited_java:radium_armor_helmet":6,"minecraft:torch":117,"minecraft:birch_door":1,"alexscaves:block_of_chocolate":1,"minecraft:iron_boots":1,"minecraft:smooth_basalt":1,"minecraft:netherite_pickaxe":16,"crystalcraft_unlimited_java:mythril_sword":157,"minecraft:iron_leggings":1,"minecraft:water_bucket":147,"minecraft:cobblestone_stairs":68,"undead_revamp2:wincallerfan":1,"minecraft:birch_planks":185,"crystalcraft_unlimited_java:radium_armor_leggings":5,"graveyard:ossuary":1,"minecraft:cracked_stone_bricks":4,"minecraft:crafting_table":8,"minecraft:red_bed":1,"minecraft:white_bed":11,"toolleveling:tool_leveling_table":1,"moredelight:loaded_hamburger":29,"minecraft:cobblestone":182,"minecraft:bucket":96,"minecraft:yellow_bed":1,"minecraft:birch_stairs":8},"minecraft:crafted":{"blue_skies:blue_journal":1,"minecraft:diamond_axe":1,"minecraft:crafting_table":3,"minecraft:spruce_planks":1024,"minecraft:spruce_door":15,"minecraft:stick":4,"crystalcraft_unlimited_java:radium_armor_boots":1,"crystalcraft_unlimited_java:radium_armor_leggings":1,"minecraft:spruce_boat":1,"minecraft:red_bed":1,"minecraft:air":0,"crystalcraft_unlimited_java:radium_armor_helmet":1},"minecraft:mined":{"minecraft:dark_prismarine_stairs":1,"minecraft:spruce_planks":3,"minecraft:white_bed":4,"minecraft:weathered_cut_copper_slab":12,"minecraft:grass_block":3,"alexscaves:muck":1,"minecraft:smooth_stone":1,"minecraft:cobbled_deepslate":2,"alexscaves:abyssmarine_bricks":3,"alexscaves:rusty_scrap_metal":2,"graveyard:ossuary":1,"minecraft:black_carpet":2,"alexscaves:bone_nodule":3,"alexscaves:smooth_bone_slab":11,"minecraft:oak_stairs":3,"alexscaves:rusty_scrap_metal_plate":43,"alexscaves:baleen_bone":3,"minecraft:blackstone":25,"minecraft:smoker":1,"minecraft:torch":1,"minecraft:light_gray_terracotta":23,"minecraft:blast_furnace":1,"alexscaves:thin_bone":2,"minecraft:oxidized_copper":11,"minecraft:chest":1,"alexscaves:twilight_anemone":1,"alexscaves:rusty_scaffolding":3,"minecraft:oak_planks":1,"minecraft:bricks":7,"minecraft:iron_door":3,"minecraft:wall_torch":2,"minecraft:skeleton_skull":2,"minecraft:seagrass":1,"minecraft:white_terracotta":7,"minecraft:chain":26,"crystalcraft_unlimited_java:deepslate_sapphire_ore":3,"minecraft:jukebox":1,"minecraft:stone_brick_stairs":4,"minecraft:grass":7,"minecraft:sand":2,"minecraft:dirt":2,"minecraft:smooth_basalt":2,"minecraft:deepslate":121,"minecraft:yellow_terracotta":7,"minecraft:dark_prismarine":10,"minecraft:tuff":32,"alexscaves:hollow_bone":2,"alexscaves:bone_ribs":13,"gravestone:gravestone":1,"minecraft:dark_oak_fence":2,"minecraft:stone_button":2,"minecraft:weathered_copper":5,"alexscaves:abyssmarine":633,"minecraft:spruce_fence":4,"alexscaves:bone_worms":3,"minecraft:spruce_leaves":5,"alexscaves:mussel":1,"minecraft:oxidized_cut_copper":21,"toolleveling:tool_leveling_table":1,"minecraft:deepslate_iron_ore":7,"minecraft:oxidized_cut_copper_slab":16,"minecraft:packed_ice":3,"minecraft:stone":50,"minecraft:bone_block":6,"alexscaves:abyssmarine_brick_stairs":1,"minecraft:smithing_table":1,"alexscaves:smooth_bone_stairs":6,"minecraft:waxed_weathered_cut_copper_stairs":2,"minecraft:red_wool":3,"alexscaves:abyssmarine_tiles":2,"minecraft:spruce_door":3,"minecraft:crafting_table":2,"minecraft:emerald_ore":1,"minecraft:lightning_rod":1,"minecraft:tall_grass":4,"alexscaves:smooth_bone":7,"alexscaves:block_of_frosted_chocolate":1,"minecraft:coarse_dirt":2,"minecraft:brick_slab":2,"alexscaves:depth_glass":36,"alexscaves:abyssmarine_stairs":1,"minecraft:creeper_head":1,"alexscaves:rusty_barrel":2,"minecraft:weathered_cut_copper":4,"minecraft:quartz_pillar":3,"minecraft:yellow_bed":1,"minecraft:coal_ore":2,"minecraft:gravel":2,"minecraft:cobweb":3,"minecraft:cracked_stone_bricks":4,"alexscaves:smooth_bone_wall":7,"minecraft:stone_bricks":2,"minecraft:deepslate_emerald_ore":1,"minecraft:iron_trapdoor":1},"minecraft:killed":{"born_in_chaos_v1:lifestealer_true_form":1,"born_in_chaos_v1:zombie_lumberjack":2,"minecraft:spider":3,"born_in_chaos_v1:scarlet_persecutor":3,"undead_revamp2:theswarmer":1,"minecraft:skeleton":14,"alexscaves:mine_guardian":5,"minecraft:bee":1,"minecraft:chicken":1,"undead_revamp2:therod":1,"undead_revamp2:thespitter":1,"alexsmobs:grizzly_bear":3,"minecraft:zombie_villager":1,"minecraft:creeper":4,"minecraft:sheep":7,"undead_revamp2:theordure":1,"minecraft:pillager":27,"born_in_chaos_v1:zombie_fisherman":1,"undead_revamp2:slaveman":1,"cataclysm:deepling_brute":1,"minecraft:zombie":14,"born_in_chaos_v1:dread_hound":4,"alexsmobs:sunbird":1,"born_in_chaos_v1:corpse_fly":6,"undead_revamp2:theskeeper":1,"alexsmobs:fly":1,"born_in_chaos_v1:missioner":2,"undead_revamp2:thehunter":4,"alexsmobs:raccoon":1,"minecraft:vindicator":6,"born_in_chaos_v1:thornshell_crab":2,"born_in_chaos_v1:zombie_bruiser":2,"born_in_chaos_v1:maggot":3,"eyesinthedarkness:eyes":1,"minecraft:drowned":2,"cataclysm:lionfish":4,"undead_revamp2:sucker":1,"cataclysm:deepling_angler":4,"born_in_chaos_v1:spiritof_chaos":1,"born_in_chaos_v1:fallen_chaos_knight":1,"aquamirae:maw":10,"born_in_chaos_v1:swarmer":1,"undead_revamp2:the_moonflower":6,"alexsmobs:rhinoceros":1,"born_in_chaos_v1:decrepit_skeleton":8,"undead_revamp2:thesomnolence":5,"born_in_chaos_v1:decaying_zombie":6,"born_in_chaos_v1:dark_vortex":1,"born_in_chaos_v1:nightmare_stalker":1},"minecraft:dropped":{"minecraft:porkchop":9,"crystalcraft_unlimited_java:rainbow_axe_2":1,"minecraft:cooked_beef":7,"minecraft:diamond":15,"minecraft:crafting_table":2,"minecraft:leather":7,"crystalcraft_unlimited_java:matizium_armor_leggings":1,"alexsmobs:bison_fur":11,"minecraft:emerald":4,"alexscaves:abyssmarine":64,"minecraft:chain":4,"gravestone:obituary":1,"alexscaves:cave_map":1,"alexscaves:scrap_metal":2,"minecraft:birch_log":6,"minecraft:white_wool":1,"minecraft:bone":5,"usefulbackpacks:backpack_large":1,"minecraft:sugar_cane":9,"minecraft:cobbled_deepslate":25,"minecraft:wheat":2,"born_in_chaos_v1:ethereal_spirit":2,"minecraft:rotten_flesh":14,"born_in_chaos_v1:smoked_flesh":4,"crystalcraft_unlimited_java:matizium_armor_helmet":1,"minecraft:beef":82,"crystalcraft_unlimited_java:matizium_sword":1,"minecraft:bread":2,"minecraft:iron_ingot":9,"minecraft:enchanted_book":1,"minecraft:book":48,"crystalcraft_unlimited_java:matizium_armor_chestplate":1,"minecraft:spruce_fence_gate":1,"minecraft:cobweb":4,"celestial_artifacts:red_heart_necklace":1,"undead_revamp2:wincallerfan":1,"minecraft:string":6,"minecraft:bucket":1,"minecraft:furnace":2,"alexsmobs:maggot":1,"minecraft:spruce_fence":2,"minecraft:blast_furnace":2,"crystalcraft_unlimited_java:matizium_armor_boots":1,"minecraft:shield":1,"minecraft:spruce_planks":1,"minecraft:mossy_stone_bricks":2,"crystalcraft_unlimited_java:matizium_pickaxe":1},"minecraft:picked_up":{"alexscaves:thin_bone":2,"minecraft:black_carpet":2,"minecraft:wheat":4,"minecraft:creeper_head":1,"minecraft:iron_trapdoor":1,"minecraft:smithing_table":1,"minecraft:lead":2,"alexscaves:cave_tablet":1,"minecraft:oak_stairs":3,"minecraft:enchanted_book":1,"minecraft:stone_brick_stairs":2,"crystalcraft_unlimited_java:radium_armor_boots":1,"crystalcraft_unlimited_java:radium_armor_chestplate":1,"minecraft:string":70,"crystalcraft_unlimited_java:radium_armor_helmet":1,"minecraft:cobbled_deepslate":109,"minecraft:spruce_planks":3,"spartanshields:diamond_tower_shield":1,"minecraft:redstone_torch":1,"crystalcraft_unlimited_java:radium_armor_leggings":1,"minecraft:mangrove_log":2,"crystalcraft_unlimited_java:matizium_pickaxe":1,"minecraft:stick":2,"minecraft:jukebox":1,"minecraft:torch":66,"crystalcraft_unlimited_java:saphire":3,"born_in_chaos_v1:nightmare_claw":1,"minecraft:rotten_flesh":199,"crystalcraft_unlimited_java:matizium_sword":1,"crystalcraft_unlimited_java:mythril_sword":1,"toolleveling:tool_leveling_table":1,"alexscaves:smooth_bone_stairs":2,"minecraft:white_terracotta":7,"minecraft:cobblestone":38,"alexscaves:smooth_bone_slab":1,"celestial_artifacts:red_heart_necklace":1,"minecraft:feather":5,"minecraft:oxidized_copper":4,"minecraft:iron_door":4,"minecraft:water_bucket":1,"cataclysm:coral_bardiche":1,"minecraft:smoker":1,"minecraft:potato":1,"alexsmobs:bear_fur":37,"minecraft:tuff":10,"minecraft:dirt":2,"aquamirae:fin":8,"minecraft:weathered_cut_copper":3,"born_in_chaos_v1:monster_skin":1,"minecraft:bone":76,"undead_revamp2:blacpetalblock":1,"minecraft:bow":2,"minecraft:wheat_seeds":1,"minecraft:oak_planks":7,"alexscaves:rusty_scrap_metal_plate":21,"crystalcraft_unlimited_java:obsidian_stick":1,"alexscaves:abyssmarine":537,"alexscaves:baleen_bone":2,"minecraft:sand":1,"alexscaves:smooth_bone_wall":1,"alexscaves:bone_nodule":2,"minecraft:oxidized_cut_copper_slab":11,"minecraft:dark_prismarine":9,"minecraft:diamond":11,"minecraft:spruce_boat":16,"waystones:waystone":4,"minecraft:crossbow":11,"alexscaves:hero_pottery_sherd":1,"minecraft:emerald":596,"minecraft:bread":4,"alexsmobs:maggot":2,"born_in_chaos_v1:rotten_fish":3,"minecraft:dark_oak_fence":1,"undead_revamp2:bostroxingot":5,"minecraft:crafting_table":2,"minecraft:coarse_dirt":2,"minecraft:ladder":1,"born_in_chaos_v1:seedof_chaos":5,"born_in_chaos_v1:charmof_resistance":1,"minecraft:chain":4,"gravestone:obituary":2,"minecraft:iron_axe":1,"minecraft:blackstone":24,"alexscaves:scrap_metal":2,"minecraft:cracked_stone_bricks":4,"born_in_chaos_v1:gnawed_bones":1,"minecraft:egg":2,"minecraft:raw_iron":230,"minecraft:copper_ingot":1,"minecraft:spruce_fence":4,"minecraft:stone_button":3,"born_in_chaos_v1:pieceofdarkmetal":27,"born_in_chaos_v1:charmof_fury":1,"crystalcraft_unlimited_java:xernium_pickaxe":1,"minecraft:arrow":485,"born_in_chaos_v1:wood_splitter_axe":1,"alexscaves:block_of_chocolate":1,"minecraft:yellow_terracotta":5,"born_in_chaos_v1:spiny_shell":3,"minecraft:gold_ingot":2,"undead_revamp2:wincallerfan":1,"minecraft:white_wool":6,"minecraft:skeleton_skull":1,"minecraft:bone_block":5,"undead_revamp2:bostroxset_boots":1,"born_in_chaos_v1:corpse_maggot":8,"born_in_chaos_v1:monster_flesh":4,"alexscaves:depth_glass":15,"minecraft:oak_log":2,"minecraft:yellow_bed":1,"minecraft:gunpowder":1,"minecraft:white_banner":1,"minecraft:cooked_mutton":136,"minecraft:stone_bricks":1,"minecraft:iron_ingot":9,"minecraft:cooked_chicken":14,"minecraft:iron_sword":1,"minecraft:oxidized_cut_copper":11,"moredelight:loaded_hamburger":32,"minecraft:smooth_basalt":1,"born_in_chaos_v1:lifestealer_bone":3,"minecraft:red_wool":3,"born_in_chaos_v1:ethereal_spirit":10,"graveyard:ossuary":1,"minecraft:weathered_copper":3,"minecraft:gravel":2,"minecraft:white_bed":5,"minecraft:spruce_log":1,"alexscaves:bone_ribs":8,"minecraft:spider_eye":39,"minecraft:spruce_door":3,"minecraft:brick_slab":2,"alexscaves:smooth_bone":3,"alexscaves:mussel":1,"minecraft:diamond_axe":1,"alexscaves:cave_map":1,"minecraft:black_wool":1,"minecraft:coal":81}},"DataVersion":3465}