{"stats":{"minecraft:picked_up":{"minecraft:birch_log":9,"minecraft:dark_oak_sapling":8,"minecraft:stick":11,"minecraft:crafting_table":3,"minecraft:dark_oak_boat":1,"minecraft:birch_planks":9,"minecraft:dark_oak_log":39,"minecraft:dirt":16,"minecraft:dark_oak_planks":25,"delightful:acorn":2,"minecraft:iron_ingot":64,"artifacts:running_shoes":1,"minecraft:birch_sapling":4},"minecraft:killed":{"minecraft:creeper":1},"minecraft:custom":{"minecraft:time_since_rest":26398,"minecraft:sprint_one_cm":45921,"minecraft:damage_taken":360,"minecraft:walk_one_cm":71265,"minecraft:mob_kills":1,"minecraft:drop":2,"minecraft:damage_dealt":272,"minecraft:interact_with_crafting_table":4,"minecraft:fly_one_cm":130006,"minecraft:crouch_one_cm":2476,"minecraft:play_time":41693,"minecraft:deaths":1,"minecraft:sneak_time":402,"minecraft:walk_under_water_one_cm":5439,"minecraft:boat_one_cm":18509,"minecraft:jump":265,"minecraft:leave_game":9,"minecraft:time_since_death":28797,"minecraft:walk_on_water_one_cm":4064,"minecraft:total_world_time":41693,"minecraft:climb_one_cm":857,"minecraft:fall_one_cm":4729},"minecraft:crafted":{"minecraft:wooden_sword":1,"minecraft:dark_oak_boat":1,"minecraft:crafting_table":2,"minecraft:stick":12,"minecraft:wooden_pickaxe":1,"minecraft:wooden_axe":2,"minecraft:dark_oak_planks":24,"minecraft:birch_planks":28,"aquaculture:wooden_fillet_knife":1},"minecraft:mined":{"treechop:chopped_log":5,"minecraft:crafting_table":3,"minecraft:grass":1,"minecraft:grass_block":1},"minecraft:used":{"minecraft:birch_fence":132,"minecraft:wooden_axe":23,"minecraft:birch_fence_gate":2,"minecraft:dark_oak_log":10,"minecraft:birch_planks":2,"minecraft:red_stained_glass":17,"minecraft:grass_block":6,"minecraft:ladder":12,"minecraft:chest":25,"minecraft:iron_helmet":1,"minecraft:red_mushroom_block":84,"minecraft:iron_boots":1,"aquaculture:wooden_fillet_knife":1,"minecraft:iron_chestplate":1,"minecraft:mossy_cobblestone":1,"minecraft:wooden_sword":7,"minecraft:dirt":1,"minecraft:cobblestone":3,"minecraft:dark_oak_boat":1,"minecraft:crafting_table":5,"minecraft:red_bed":1,"minecraft:furnace":9,"minecraft:carrot":3,"minecraft:white_bed":1,"minecraft:coarse_dirt":1,"delightful:acorn":1,"minecraft:iron_leggings":1,"minecraft:dark_oak_sapling":1},"minecraft:dropped":{"minecraft:iron_ingot":64,"artifacts:running_shoes":1}},"DataVersion":3465}