{"stats":{"minecraft:picked_up":{"minecraft:bone":2,"minecraft:torch":1},"minecraft:custom":{"minecraft:time_since_rest":45084,"minecraft:open_chest":34,"minecraft:crouch_one_cm":2607,"minecraft:interact_with_furnace":6,"minecraft:sprint_one_cm":15424,"minecraft:play_time":45084,"minecraft:walk_one_cm":25027,"minecraft:sneak_time":1513,"minecraft:walk_under_water_one_cm":5586,"minecraft:mob_kills":3,"minecraft:jump":177,"minecraft:damage_dealt":600,"minecraft:leave_game":2,"minecraft:walk_on_water_one_cm":1452,"minecraft:time_since_death":45084,"minecraft:total_world_time":45084,"minecraft:interact_with_crafting_table":1,"minecraft:fall_one_cm":418,"minecraft:fly_one_cm":58955},"minecraft:used":{"minecraft:torch":47,"minecraft:stone_sword":13,"minecraft:cobblestone":109,"minecraft:crafting_table":2,"securitycraft:secret_sign_item":4,"minecraft:furnace":3,"minecraft:grass_block":8,"minecraft:white_bed":1,"minecraft:chest":4},"minecraft:killed":{"minecraft:skeleton":3},"minecraft:crafted":{"minecraft:spruce_planks":1024}},"DataVersion":3465}