{"stats":{"minecraft:custom":{"minecraft:time_since_rest":1,"minecraft:crouch_one_cm":2225,"minecraft:play_time":15218,"minecraft:sprint_one_cm":23547,"minecraft:deaths":1,"minecraft:damage_taken":260,"minecraft:walk_one_cm":14495,"minecraft:sneak_time":189,"minecraft:walk_under_water_one_cm":1717,"minecraft:mob_kills":1,"minecraft:jump":116,"minecraft:damage_dealt":217,"minecraft:leave_game":4,"minecraft:walk_on_water_one_cm":2156,"minecraft:time_since_death":2322,"minecraft:total_world_time":15218,"minecraft:interact_with_crafting_table":2,"minecraft:fall_one_cm":2848,"minecraft:fly_one_cm":27648},"minecraft:mined":{"minecraft:grass":1,"minecraft:grass_block":1,"treechop:chopped_log":4,"minecraft:crafting_table":1},"minecraft:picked_up":{"minecraft:birch_log":9,"minecraft:dark_oak_sapling":1,"minecraft:crafting_table":1,"minecraft:stick":2,"minecraft:birch_planks":9,"minecraft:birch_sapling":4,"minecraft:dirt":1},"minecraft:used":{"minecraft:wooden_sword":7,"minecraft:dirt":1,"minecraft:crafting_table":1,"minecraft:birch_planks":2,"minecraft:dark_oak_sapling":1,"aquaculture:wooden_fillet_knife":1,"minecraft:wooden_axe":15},"minecraft:killed":{"minecraft:creeper":1},"minecraft:crafted":{"minecraft:wooden_sword":1,"minecraft:birch_planks":28,"aquaculture:wooden_fillet_knife":1,"minecraft:crafting_table":1,"minecraft:stick":8,"minecraft:wooden_pickaxe":1,"minecraft:wooden_axe":1}},"DataVersion":3465}