{"stats":{"minecraft:custom":{"minecraft:time_since_rest":32357,"minecraft:open_chest":42,"minecraft:crouch_one_cm":7837,"minecraft:sprint_one_cm":43092,"minecraft:interact_with_furnace":11,"minecraft:play_time":81933,"minecraft:walk_one_cm":120494,"minecraft:sneak_time":4105,"minecraft:walk_under_water_one_cm":5586,"minecraft:mob_kills":3,"minecraft:jump":397,"minecraft:damage_dealt":770,"minecraft:leave_game":3,"minecraft:walk_on_water_one_cm":1717,"minecraft:time_since_death":81933,"minecraft:climb_one_cm":3188,"minecraft:sleep_in_bed":2,"minecraft:total_world_time":81933,"minecraft:interact_with_crafting_table":2,"minecraft:fall_one_cm":894,"minecraft:fly_one_cm":287295},"minecraft:used":{"minecraft:birch_door":1,"minecraft:netherrack":1,"minecraft:glass":20,"minecraft:torch":84,"minecraft:cobblestone_stairs":68,"minecraft:stone_sword":14,"minecraft:cobblestone":156,"minecraft:birch_fence_gate":3,"minecraft:flint_and_steel":2,"minecraft:birch_planks":185,"minecraft:crafting_table":4,"securitycraft:secret_sign_item":4,"minecraft:birch_leaves":753,"minecraft:furnace":10,"minecraft:grass_block":10,"minecraft:ladder":12,"minecraft:birch_log":172,"minecraft:white_bed":4,"minecraft:chest":9,"minecraft:stone":6,"minecraft:birch_stairs":8,"minecraft:obsidian":24,"minecraft:birch_fence":15},"minecraft:crafted":{"minecraft:spruce_planks":1024},"minecraft:killed":{"minecraft:skeleton":3},"minecraft:picked_up":{"minecraft:bone":2,"minecraft:torch":1}},"DataVersion":3465}