{"stats":{"minecraft:picked_up":{"minecraft:bone":2},"minecraft:custom":{"minecraft:jump":110,"minecraft:time_since_rest":28297,"minecraft:damage_dealt":600,"minecraft:crouch_one_cm":2499,"minecraft:leave_game":1,"minecraft:play_time":28297,"minecraft:sprint_one_cm":7679,"minecraft:time_since_death":28297,"minecraft:walk_on_water_one_cm":1452,"minecraft:walk_one_cm":11999,"minecraft:sneak_time":1342,"minecraft:total_world_time":28297,"minecraft:walk_under_water_one_cm":5586,"minecraft:mob_kills":3,"minecraft:fall_one_cm":209,"minecraft:fly_one_cm":24703},"minecraft:used":{"minecraft:torch":36,"minecraft:stone_sword":13,"minecraft:cobblestone":109},"minecraft:killed":{"minecraft:skeleton":3}},"DataVersion":3465}