{"stats":{"minecraft:custom":{"minecraft:mob_kills":154,"minecraft:interact_with_crafting_table":13,"minecraft:open_barrel":16,"minecraft:damage_dealt_resisted":1197,"minecraft:leave_game":10,"minecraft:time_since_death":334625,"minecraft:climb_one_cm":12460,"minecraft:sprint_one_cm":658978,"minecraft:walk_one_cm":425901,"minecraft:damage_blocked_by_shield":135,"minecraft:drop":7,"minecraft:talked_to_villager":5,"minecraft:play_time":334625,"minecraft:sneak_time":9107,"minecraft:walk_under_water_one_cm":165382,"minecraft:interact_with_lectern":1,"minecraft:jump":3130,"minecraft:enchant_item":15,"minecraft:walk_on_water_one_cm":46151,"minecraft:total_world_time":334625,"minecraft:interact_with_furnace":13,"minecraft:traded_with_villager":1,"minecraft:raid_trigger":1,"minecraft:sleep_in_bed":6,"minecraft:time_since_rest":2326,"minecraft:waystone_activated":8,"minecraft:damage_taken":602,"minecraft:damage_dealt":24080,"minecraft:swim_one_cm":275263,"minecraft:fly_one_cm":1016226,"minecraft:open_chest":106,"minecraft:crouch_one_cm":18221,"minecraft:fall_one_cm":73206,"minecraft:interact_with_smithing_table":7},"minecraft:used":{"minecraft:netherite_sword":19,"crystalcraft_unlimited_java:radium_armor_boots":4,"minecraft:enchanting_table":2,"minecraft:stone_sword":14,"minecraft:flint_and_steel":2,"minecraft:armor_stand":1,"minecraft:ladder":12,"minecraft:black_carpet":1,"minecraft:chest":21,"minecraft:spruce_planks":9,"minecraft:white_terracotta":7,"minecraft:stone":6,"crystalcraft_unlimited_java:radium_armor_chestplate":4,"minecraft:torch":112,"crystalcraft_unlimited_java:radium_armor_helmet":5,"minecraft:netherrack":1,"minecraft:iron_chestplate":1,"minecraft:brick_slab":2,"minecraft:obsidian":24,"minecraft:glass":20,"minecraft:birch_door":1,"minecraft:spruce_boat":15,"born_in_chaos_v1:corpse_maggot":1,"alexscaves:block_of_chocolate":1,"securitycraft:secret_sign_item":4,"minecraft:grass_block":13,"minecraft:iron_helmet":1,"minecraft:iron_boots":1,"minecraft:smooth_basalt":1,"minecraft:furnace":10,"minecraft:netherite_pickaxe":16,"crystalcraft_unlimited_java:mythril_sword":122,"minecraft:iron_leggings":1,"minecraft:water_bucket":118,"minecraft:cobblestone_stairs":68,"minecraft:spruce_door":3,"minecraft:birch_planks":185,"minecraft:birch_leaves":797,"crystalcraft_unlimited_java:radium_armor_leggings":4,"minecraft:blackstone":2,"minecraft:diamond_axe":7,"minecraft:cracked_stone_bricks":4,"minecraft:crafting_table":8,"minecraft:red_bed":1,"minecraft:white_bed":7,"toolleveling:tool_leveling_table":1,"minecraft:birch_fence":112,"waystones:waystone":4,"minecraft:birch_fence_gate":3,"spartanshields:diamond_tower_shield":8,"alexscaves:abyssmarine":122,"minecraft:gravel":1,"crystalcraft_unlimited_java:xernium_pickaxe":1174,"moredelight:loaded_hamburger":24,"minecraft:cobblestone":181,"minecraft:smithing_table":1,"minecraft:bucket":67,"minecraft:birch_log":176,"minecraft:yellow_bed":1,"minecraft:coarse_dirt":2,"minecraft:birch_stairs":8},"minecraft:crafted":{"minecraft:spruce_boat":1,"blue_skies:blue_journal":1,"minecraft:diamond_axe":1,"minecraft:crafting_table":3,"minecraft:spruce_planks":1024,"minecraft:spruce_door":15,"minecraft:red_bed":1,"minecraft:air":0,"minecraft:stick":4,"crystalcraft_unlimited_java:radium_armor_boots":1,"crystalcraft_unlimited_java:radium_armor_helmet":1,"crystalcraft_unlimited_java:radium_armor_leggings":1},"minecraft:mined":{"minecraft:dark_prismarine_stairs":1,"minecraft:dark_prismarine":10,"minecraft:spruce_planks":3,"minecraft:tuff":32,"alexscaves:hollow_bone":2,"minecraft:weathered_cut_copper_slab":12,"alexscaves:bone_ribs":13,"minecraft:spruce_fence":3,"minecraft:dark_oak_fence":2,"minecraft:stone_button":2,"alexscaves:abyssmarine":633,"minecraft:grass_block":3,"minecraft:weathered_copper":5,"alexscaves:bone_worms":3,"minecraft:spruce_leaves":5,"alexscaves:muck":1,"minecraft:smooth_stone":1,"alexscaves:mussel":1,"minecraft:oxidized_cut_copper":21,"minecraft:cobbled_deepslate":2,"alexscaves:abyssmarine_bricks":3,"alexscaves:rusty_scrap_metal":2,"graveyard:ossuary":1,"minecraft:black_carpet":2,"alexscaves:smooth_bone_slab":11,"alexscaves:bone_nodule":3,"minecraft:deepslate_iron_ore":7,"minecraft:oak_stairs":3,"minecraft:oxidized_cut_copper_slab":16,"minecraft:packed_ice":3,"alexscaves:rusty_scrap_metal_plate":43,"minecraft:stone":41,"minecraft:bone_block":6,"alexscaves:abyssmarine_brick_stairs":1,"minecraft:smithing_table":1,"alexscaves:smooth_bone_stairs":6,"minecraft:waxed_weathered_cut_copper_stairs":2,"alexscaves:baleen_bone":3,"minecraft:red_wool":3,"minecraft:blackstone":25,"alexscaves:abyssmarine_tiles":2,"minecraft:spruce_door":3,"minecraft:crafting_table":2,"minecraft:torch":1,"minecraft:emerald_ore":1,"minecraft:blast_furnace":1,"alexscaves:thin_bone":2,"minecraft:oxidized_copper":11,"minecraft:chest":1,"alexscaves:twilight_anemone":1,"minecraft:lightning_rod":1,"minecraft:tall_grass":2,"alexscaves:smooth_bone":7,"alexscaves:rusty_scaffolding":3,"minecraft:oak_planks":1,"minecraft:bricks":7,"alexscaves:block_of_frosted_chocolate":1,"minecraft:iron_door":3,"minecraft:wall_torch":1,"minecraft:skeleton_skull":2,"minecraft:white_terracotta":7,"minecraft:chain":26,"minecraft:coarse_dirt":2,"minecraft:brick_slab":2,"alexscaves:depth_glass":36,"alexscaves:abyssmarine_stairs":1,"crystalcraft_unlimited_java:deepslate_sapphire_ore":3,"minecraft:quartz_pillar":3,"minecraft:creeper_head":1,"alexscaves:rusty_barrel":2,"minecraft:jukebox":1,"minecraft:weathered_cut_copper":4,"minecraft:yellow_bed":1,"minecraft:stone_brick_stairs":4,"minecraft:grass":3,"minecraft:coal_ore":2,"minecraft:gravel":2,"minecraft:sand":2,"minecraft:dirt":2,"minecraft:smooth_basalt":2,"minecraft:cracked_stone_bricks":4,"alexscaves:smooth_bone_wall":7,"minecraft:stone_bricks":2,"minecraft:iron_trapdoor":1,"minecraft:deepslate":121,"minecraft:yellow_terracotta":7},"minecraft:killed":{"born_in_chaos_v1:lifestealer_true_form":1,"born_in_chaos_v1:missioner":2,"undead_revamp2:thehunter":4,"born_in_chaos_v1:zombie_lumberjack":2,"minecraft:spider":3,"minecraft:vindicator":6,"born_in_chaos_v1:thornshell_crab":2,"born_in_chaos_v1:zombie_bruiser":1,"born_in_chaos_v1:maggot":2,"undead_revamp2:theswarmer":1,"born_in_chaos_v1:scarlet_persecutor":3,"eyesinthedarkness:eyes":1,"minecraft:skeleton":14,"alexscaves:mine_guardian":5,"minecraft:bee":1,"undead_revamp2:therod":1,"cataclysm:lionfish":4,"minecraft:drowned":2,"undead_revamp2:thespitter":1,"cataclysm:deepling_angler":4,"born_in_chaos_v1:spiritof_chaos":1,"born_in_chaos_v1:fallen_chaos_knight":1,"aquamirae:maw":10,"alexsmobs:grizzly_bear":1,"minecraft:zombie_villager":1,"born_in_chaos_v1:swarmer":1,"undead_revamp2:the_moonflower":6,"alexsmobs:rhinoceros":1,"minecraft:creeper":4,"born_in_chaos_v1:decrepit_skeleton":6,"minecraft:sheep":2,"undead_revamp2:theordure":1,"minecraft:pillager":27,"undead_revamp2:slaveman":1,"born_in_chaos_v1:decaying_zombie":5,"minecraft:zombie":11,"born_in_chaos_v1:dread_hound":4,"alexsmobs:sunbird":1,"born_in_chaos_v1:corpse_fly":6,"born_in_chaos_v1:dark_vortex":1,"born_in_chaos_v1:nightmare_stalker":1,"alexsmobs:fly":1},"minecraft:dropped":{"minecraft:enchanted_book":1,"minecraft:emerald":1,"celestial_artifacts:red_heart_necklace":1,"alexscaves:abyssmarine":64,"minecraft:chain":4,"alexscaves:scrap_metal":2,"alexscaves:cave_map":1},"minecraft:picked_up":{"undead_revamp2:bostroxingot":5,"alexscaves:thin_bone":2,"minecraft:coarse_dirt":2,"minecraft:crafting_table":2,"minecraft:black_carpet":2,"minecraft:ladder":1,"minecraft:iron_trapdoor":1,"minecraft:creeper_head":1,"born_in_chaos_v1:seedof_chaos":5,"minecraft:smithing_table":1,"born_in_chaos_v1:charmof_resistance":1,"minecraft:lead":1,"alexscaves:cave_tablet":1,"minecraft:oak_stairs":3,"minecraft:enchanted_book":1,"minecraft:stone_brick_stairs":2,"minecraft:chain":4,"minecraft:string":63,"minecraft:iron_axe":1,"minecraft:blackstone":24,"alexscaves:scrap_metal":2,"minecraft:cracked_stone_bricks":4,"minecraft:cobbled_deepslate":109,"minecraft:spruce_planks":3,"minecraft:redstone_torch":1,"born_in_chaos_v1:gnawed_bones":1,"minecraft:mangrove_log":2,"minecraft:stick":2,"minecraft:raw_iron":230,"minecraft:jukebox":1,"minecraft:copper_ingot":1,"minecraft:torch":9,"crystalcraft_unlimited_java:saphire":3,"minecraft:stone_button":3,"born_in_chaos_v1:nightmare_claw":1,"born_in_chaos_v1:pieceofdarkmetal":27,"born_in_chaos_v1:charmof_fury":1,"minecraft:arrow":485,"minecraft:rotten_flesh":181,"born_in_chaos_v1:wood_splitter_axe":1,"alexscaves:block_of_chocolate":1,"minecraft:yellow_terracotta":5,"born_in_chaos_v1:spiny_shell":3,"alexscaves:smooth_bone_stairs":2,"minecraft:gold_ingot":2,"minecraft:white_terracotta":7,"undead_revamp2:wincallerfan":1,"minecraft:bone_block":5,"minecraft:skeleton_skull":1,"minecraft:white_wool":2,"minecraft:cobblestone":29,"undead_revamp2:bostroxset_boots":1,"born_in_chaos_v1:corpse_maggot":6,"alexscaves:smooth_bone_slab":1,"celestial_artifacts:red_heart_necklace":1,"minecraft:oxidized_copper":4,"born_in_chaos_v1:monster_flesh":4,"minecraft:iron_door":4,"minecraft:potato":1,"alexsmobs:bear_fur":23,"minecraft:oak_log":2,"alexscaves:depth_glass":15,"minecraft:tuff":10,"minecraft:yellow_bed":1,"minecraft:gunpowder":1,"minecraft:dirt":2,"minecraft:weathered_cut_copper":3,"minecraft:white_banner":1,"aquamirae:fin":8,"born_in_chaos_v1:monster_skin":1,"minecraft:cooked_mutton":46,"minecraft:bone":72,"undead_revamp2:blacpetalblock":1,"minecraft:stone_bricks":1,"minecraft:bow":2,"minecraft:wheat_seeds":1,"minecraft:iron_ingot":9,"minecraft:oak_planks":1,"minecraft:oxidized_cut_copper":11,"alexscaves:rusty_scrap_metal_plate":21,"minecraft:smooth_basalt":1,"alexscaves:abyssmarine":537,"born_in_chaos_v1:lifestealer_bone":3,"minecraft:red_wool":3,"born_in_chaos_v1:ethereal_spirit":10,"graveyard:ossuary":1,"minecraft:gravel":2,"alexscaves:baleen_bone":2,"minecraft:weathered_copper":3,"minecraft:sand":1,"alexscaves:smooth_bone_wall":1,"minecraft:spruce_log":1,"alexscaves:bone_ribs":8,"alexscaves:bone_nodule":2,"minecraft:oxidized_cut_copper_slab":11,"minecraft:spruce_door":3,"minecraft:spider_eye":39,"minecraft:dark_prismarine":9,"minecraft:brick_slab":2,"alexscaves:smooth_bone":3,"alexscaves:mussel":1,"minecraft:spruce_boat":15,"waystones:waystone":2,"minecraft:crossbow":11,"alexscaves:hero_pottery_sherd":1,"minecraft:emerald":534,"alexscaves:cave_map":1,"alexsmobs:maggot":1,"born_in_chaos_v1:rotten_fish":3,"minecraft:dark_oak_fence":1,"minecraft:coal":81}},"DataVersion":3465}